customer_id,customer_name,email,region,acquisition_channel,customer_segment,signup_date
CUST-1001,Christopher Brown,,East,Paid Ads,Consumer,2024-05-22
CUST-1002,Lisa Brown,lisa.brown70@example.com,  NORTH ,Referral,Corporate,2024-02-02
CUST-1003,James Williams,james.williams65@example.com,MIDWEST,Organic Search,Small Business,2024-07-22
CUST-1004,Daniel Moore,daniel.moore58@example.com,MIDWEST,Social Media,Consumer,2024-06-12
CUST-1005,Daniel Wilson,daniel.wilson20@example.com,south,Social Media,Consumer,2024-04-04
CUST-1006,Richard Brown,richard.brown45@example.com,MIDWEST,Social Media,Consumer,2025-04-15
CUST-1007,Sarah Brown,sarah.brown49@example.com,  NORTH ,Referral,Corporate,2025-10-05
CUST-1008,Karen Lopez,karen.lopez91@example.com,  NORTH ,Organic Search,Small Business,2024-08-21
CUST-1009,Matthew Martinez,matthew.martinez30@example.com,  NORTH ,Email Campaign,Corporate,2025-04-09
CUST-1010,Christopher Lopez,christopher.lopez46@example.com,south,,Corporate,2025-11-30
CUST-1011,Christopher Williams,christopher.williams22@example.com,Midwest,,Consumer,2024-06-16
CUST-1012,Joseph Gonzalez,joseph.gonzalez82@example.com,Midwest,Paid Ads,Small Business,2024-11-28
CUST-1013,Anthony Johnson,anthony.johnson5@example.com, EAST,Email Campaign,Corporate,2024-03-08
CUST-1014,Michael Jackson,michael.jackson41@example.com,south,,Corporate,2025-02-09
CUST-1015,Donald Anderson,donald.anderson18@example.com,south,,Small Business,2025-07-05
CUST-1016,William Jackson,william.jackson75@example.com,West,Social Media,Consumer,2024-05-21
CUST-1017,Thomas Thomas,thomas.thomas7@example.com,  NORTH ,Paid Ads,Small Business,2024-06-12
CUST-1018,Betty Wilson,betty.wilson50@example.com,West,Referral,Corporate,2025-06-25
CUST-1019,William Moore,william.moore2@example.com,,,Consumer,2025-11-29
CUST-1020,Donald Moore,donald.moore99@example.com,,Social Media,Consumer,2024-10-27
CUST-1021,Susan Garcia,susan.garcia93@example.com,East,Referral,Consumer,2025-06-03
CUST-1022,Sandra Brown,sandra.brown39@example.com,,Referral,Small Business,2024-07-22
CUST-1023,Robert Lopez,robert.lopez70@example.com,Midwest,Organic Search,Small Business,2024-11-27
CUST-1024,Jessica Smith,jessica.smith47@example.com,East,Paid Ads,Consumer,2024-09-03
CUST-1025,Donald Jackson,donald.jackson11@example.com,west,Organic Search,Small Business,2024-05-08
CUST-1026,Robert Thomas,robert.thomas22@example.com,East,Referral,Small Business,2025-03-09
CUST-1027,Michael Moore,michael.moore89@example.com,south,,Corporate,2025-02-12
CUST-1028,Nancy Lopez,nancy.lopez67@example.com,west,Organic Search,Consumer,2024-08-18
CUST-1029,John Hernandez,,Midwest,Paid Ads,Small Business,2024-08-13
CUST-1030,James Williams,james.williams8@example.com,south,Organic Search,Consumer,2024-12-04
CUST-1031,John Taylor,john.taylor86@example.com,west,Paid Ads,Small Business,2024-05-15
CUST-1032,Lisa Jackson,lisa.jackson32@example.com,west,Email Campaign,Consumer,2024-04-06
CUST-1033,Patricia Wilson,patricia.wilson53@example.com,west,,Consumer,2025-11-20
CUST-1034,Christopher Brown,christopher.brown94@example.com, EAST,Organic Search,Consumer,2024-07-15
CUST-1035,Michael Moore,michael.moore55@example.com,South,Social Media,Corporate,2024-09-12
CUST-1036,Margaret Williams,margaret.williams71@example.com,  NORTH ,Organic Search,Small Business,2025-07-07
CUST-1037,Anthony Smith,anthony.smith97@example.com,south,Paid Ads,Corporate,2025-05-12
CUST-1038,Jessica Miller,jessica.miller8@example.com,South,Email Campaign,Consumer,2025-02-03
CUST-1039,William Anderson,william.anderson90@example.com,Midwest,,Small Business,2025-05-13
CUST-1040,Robert Miller,robert.miller8@example.com,MIDWEST,,Small Business,2024-03-03
CUST-1041,Lisa Hernandez,lisa.hernandez75@example.com,west,Referral,Small Business,2024-06-10
CUST-1042,Mary Taylor,mary.taylor24@example.com,  NORTH ,Referral,Consumer,2025-11-22
CUST-1043,Margaret Davis,margaret.davis73@example.com,south,Referral,Small Business,2024-02-10
CUST-1044,Karen Williams,karen.williams75@example.com,MIDWEST,Referral,Corporate,2024-09-24
CUST-1045,Michael Hernandez,michael.hernandez51@example.com,South,,Small Business,2024-11-03
CUST-1046,Joseph Hernandez,joseph.hernandez10@example.com,North,Email Campaign,Small Business,2025-07-30
CUST-1047,Patricia Williams,patricia.williams65@example.com,East,Paid Ads,Corporate,2024-03-11
CUST-1048,Donald Davis,donald.davis21@example.com,west,Referral,Small Business,2024-11-05
CUST-1049,Karen Taylor,,Midwest,Social Media,Small Business,2024-04-16
CUST-1050,Donald Jones,donald.jones14@example.com,Midwest,Paid Ads,Corporate,2024-10-15
CUST-1051,Karen Miller,karen.miller27@example.com,,,Corporate,2025-06-01
CUST-1052,Jessica Rodriguez,jessica.rodriguez7@example.com,  NORTH ,,Corporate,2024-10-10
CUST-1053,Mary Smith,mary.smith17@example.com,,Social Media,Consumer,2025-03-28
CUST-1054,Sarah Wilson,sarah.wilson15@example.com,  NORTH ,,Consumer,2025-07-12
CUST-1055,Mary Lopez,mary.lopez19@example.com,West,Paid Ads,Consumer,2024-11-11
CUST-1056,Barbara Johnson,barbara.johnson27@example.com,,Paid Ads,Small Business,2024-04-15
CUST-1057,Barbara Moore,barbara.moore53@example.com,MIDWEST,,Consumer,2024-08-30
CUST-1058,Margaret Garcia,margaret.garcia23@example.com,West,Organic Search,Consumer,2024-12-06
CUST-1059,Betty Wilson,betty.wilson95@example.com,south,Social Media,Consumer,2024-04-20
CUST-1060,Richard Johnson,richard.johnson29@example.com,south,Email Campaign,Corporate,2024-11-08
CUST-1061,Anthony Davis,anthony.davis85@example.com,south,Email Campaign,Corporate,2024-10-12
CUST-1062,Margaret Williams,margaret.williams36@example.com, EAST,,Small Business,2025-02-13
CUST-1063,Nancy Moore,nancy.moore4@example.com,  NORTH ,Social Media,Consumer,2025-08-17
CUST-1064,William Johnson,william.johnson56@example.com, EAST,,Corporate,2025-03-22
CUST-1065,Karen Taylor,karen.taylor74@example.com,south,Social Media,Consumer,2025-03-22
CUST-1066,James Taylor,james.taylor69@example.com,,,Small Business,2025-11-17
CUST-1067,Michael Lopez,michael.lopez86@example.com, EAST,Referral,Corporate,2025-11-10
CUST-1068,Margaret Brown,margaret.brown39@example.com,Midwest,Social Media,Small Business,2025-02-22
CUST-1069,David Gonzalez,david.gonzalez71@example.com,South,Paid Ads,Corporate,2025-11-11
CUST-1070,Richard Garcia,richard.garcia39@example.com,West,Referral,Consumer,2024-11-07
CUST-1071,Elizabeth Miller,elizabeth.miller75@example.com,MIDWEST,,Corporate,2025-04-21
CUST-1072,Joseph Anderson,joseph.anderson66@example.com,west,,Consumer,2025-11-05
CUST-1073,John Martinez,john.martinez82@example.com,MIDWEST,Social Media,Consumer,2024-08-28
CUST-1074,Nancy Martinez,nancy.martinez26@example.com,South,Organic Search,Consumer,2024-09-07
CUST-1075,Jessica Martin,jessica.martin10@example.com,west,Email Campaign,Small Business,2025-08-12
CUST-1076,Michael Gonzalez,michael.gonzalez32@example.com,South,,Small Business,2024-01-06
CUST-1077,Donald Brown,donald.brown29@example.com,South,,Small Business,2025-04-20
CUST-1078,Mary Moore,mary.moore16@example.com,west,Paid Ads,Corporate,2025-11-14
CUST-1079,Thomas Moore,thomas.moore97@example.com,west,Referral,Small Business,2025-05-31
CUST-1080,Susan Moore,susan.moore21@example.com,west,Email Campaign,Corporate,2024-09-10
CUST-1081,Anthony Rodriguez,anthony.rodriguez67@example.com,west,,Consumer,2024-10-08
CUST-1082,Joseph Williams,joseph.williams31@example.com,East,Social Media,Corporate,2025-07-07
CUST-1083,John Jones,john.jones50@example.com,South,,Consumer,2024-03-06
CUST-1084,Susan Wilson,susan.wilson60@example.com,West,Organic Search,Consumer,2025-03-06
CUST-1085,Richard Jackson,richard.jackson3@example.com,MIDWEST,Email Campaign,Corporate,2024-01-07
CUST-1086,Barbara Martinez,barbara.martinez54@example.com,Midwest,,Small Business,2025-07-13
CUST-1087,Betty Martin,betty.martin63@example.com,south,Social Media,Corporate,2025-05-12
CUST-1088,James Gonzalez,james.gonzalez87@example.com,West,,Consumer,2025-04-23
CUST-1089,Sandra Jones,sandra.jones69@example.com,North,Email Campaign,Small Business,2025-07-31
CUST-1090,Nancy Smith,nancy.smith55@example.com,South,Email Campaign,Consumer,2024-02-21
CUST-1091,William Gonzalez,william.gonzalez59@example.com, EAST,Social Media,Corporate,2024-10-11
CUST-1092,Matthew Wilson,matthew.wilson11@example.com,west,Organic Search,Small Business,2025-07-06
CUST-1093,Mary Lopez,mary.lopez9@example.com,,Organic Search,Consumer,2024-09-10
CUST-1094,Michael Smith,michael.smith31@example.com,South,Email Campaign,Small Business,2024-04-27
CUST-1095,Charles Miller,charles.miller33@example.com, EAST,Paid Ads,Small Business,2025-09-13
CUST-1096,Lisa Brown,lisa.brown21@example.com,East,Organic Search,Small Business,2024-01-27
CUST-1097,Sandra Martinez,sandra.martinez49@example.com,West,,Consumer,2024-03-18
CUST-1098,Charles Davis,charles.davis99@example.com,East,,Small Business,2024-05-03
CUST-1099,Betty Jackson,betty.jackson45@example.com,Midwest,Email Campaign,Small Business,2025-01-14
CUST-1100,John Taylor,john.taylor2@example.com,West,Email Campaign,Consumer,2025-03-19
CUST-1101,Barbara Anderson,barbara.anderson56@example.com,South,,Small Business,2025-10-28
CUST-1102,William Martin,william.martin69@example.com,west,Email Campaign,Corporate,2025-08-29
CUST-1103,William Hernandez,william.hernandez12@example.com,East,Email Campaign,Consumer,2025-04-20
CUST-1104,Charles Martin,charles.martin44@example.com,North,Email Campaign,Corporate,2024-07-05
CUST-1105,Jessica Miller,jessica.miller34@example.com, EAST,Social Media,Small Business,2024-10-09
CUST-1106,Sarah Smith,sarah.smith25@example.com,  NORTH ,Paid Ads,Small Business,2025-02-20
CUST-1107,Jessica Moore,jessica.moore89@example.com,west,,Small Business,2025-05-17
CUST-1108,Joseph Smith,joseph.smith29@example.com,West,,Consumer,2024-11-09
CUST-1109,Nancy Jackson,nancy.jackson71@example.com,Midwest,Social Media,Corporate,2025-07-17
CUST-1110,David Lopez,david.lopez35@example.com,East,Social Media,Consumer,2024-05-03
CUST-1111,Lisa Miller,lisa.miller96@example.com,Midwest,,Consumer,2024-07-15
CUST-1112,Michael Thomas,michael.thomas76@example.com,Midwest,Referral,Corporate,2024-04-12
CUST-1113,Anthony Miller,anthony.miller47@example.com,South,Social Media,Consumer,2025-06-30
CUST-1114,Robert Rodriguez,robert.rodriguez7@example.com,Midwest,Social Media,Small Business,2024-05-09
CUST-1115,Christopher Thomas,christopher.thomas2@example.com,MIDWEST,Social Media,Corporate,2025-05-05
CUST-1116,Joseph Hernandez,joseph.hernandez7@example.com,East,Email Campaign,Consumer,2024-03-07
CUST-1117,Richard Thomas,richard.thomas81@example.com,,Organic Search,Consumer,2024-06-01
CUST-1118,Betty Jackson,betty.jackson11@example.com,south,Organic Search,Small Business,2025-03-02
CUST-1119,Karen Martin,karen.martin29@example.com,Midwest,Email Campaign,Corporate,2025-03-29
CUST-1120,Elizabeth Jackson,elizabeth.jackson40@example.com,MIDWEST,Referral,Consumer,2025-09-16
CUST-1121,Lisa Brown,lisa.brown27@example.com,,Paid Ads,Corporate,2025-11-07
CUST-1122,John Garcia,john.garcia71@example.com,  NORTH ,Paid Ads,Consumer,2025-02-22
CUST-1123,Joseph Martin,joseph.martin5@example.com,south,Social Media,Small Business,2024-10-16
CUST-1124,Daniel Anderson,daniel.anderson30@example.com,East,,Small Business,2025-11-08
CUST-1125,Betty Miller,betty.miller70@example.com,south,,Consumer,2024-09-29
CUST-1126,Anthony Jones,anthony.jones22@example.com,East,Referral,Small Business,2025-08-05
CUST-1127,Sandra Martinez,sandra.martinez60@example.com,East,,Corporate,2024-10-05
CUST-1128,Thomas Moore,thomas.moore11@example.com,MIDWEST,Organic Search,Corporate,2024-11-26
CUST-1129,Karen Rodriguez,,south,,Small Business,2025-08-24
CUST-1130,James Rodriguez,james.rodriguez98@example.com,South,Email Campaign,Small Business,2025-10-29
CUST-1131,Joseph Rodriguez,joseph.rodriguez75@example.com,West,,Corporate,2024-04-03
CUST-1132,Jessica Lopez,jessica.lopez42@example.com,,Organic Search,Consumer,2024-12-03
CUST-1133,Susan Thomas,susan.thomas52@example.com,Midwest,Organic Search,Corporate,2024-03-31
CUST-1134,David Rodriguez,david.rodriguez99@example.com,West,Referral,Consumer,2025-11-04
CUST-1135,Margaret Moore,margaret.moore7@example.com,south,Referral,Corporate,2025-09-29
CUST-1136,Matthew Thomas,matthew.thomas98@example.com,North,Paid Ads,Corporate,2025-07-16
CUST-1137,Robert Martinez,robert.martinez90@example.com,west,Organic Search,Consumer,2025-10-07
CUST-1138,Karen Davis,karen.davis40@example.com,Midwest,Organic Search,Small Business,2025-02-21
CUST-1139,John Davis,john.davis15@example.com,west,Organic Search,Small Business,2024-06-06
CUST-1140,Jessica Martinez,jessica.martinez35@example.com,West,Email Campaign,Corporate,2024-09-06
CUST-1141,Joseph Moore,joseph.moore25@example.com,MIDWEST,Referral,Small Business,2024-05-19
CUST-1142,Margaret Williams,margaret.williams54@example.com, EAST,Referral,Corporate,2024-01-03
CUST-1143,Elizabeth Martinez,elizabeth.martinez75@example.com,,Email Campaign,Consumer,2025-04-02
CUST-1144,Sarah Thomas,sarah.thomas71@example.com,Midwest,Email Campaign,Corporate,2024-11-25
CUST-1145,Margaret Miller,margaret.miller31@example.com,MIDWEST,Email Campaign,Consumer,2025-02-24
CUST-1146,Mary Hernandez,mary.hernandez91@example.com,West,Email Campaign,Small Business,2025-10-29
CUST-1147,Robert Thomas,robert.thomas17@example.com,Midwest,Referral,Corporate,2024-04-12
CUST-1148,Margaret Anderson,margaret.anderson59@example.com,North,,Consumer,2025-02-23
CUST-1149,Margaret Jones,margaret.jones34@example.com, EAST,Referral,Small Business,2025-02-11
CUST-1150,Christopher Williams,christopher.williams87@example.com,Midwest,Email Campaign,Corporate,2025-10-03
CUST-1151,Daniel Thomas,daniel.thomas5@example.com,MIDWEST,Organic Search,Consumer,2025-10-08
CUST-1152,Nancy Martinez,nancy.martinez96@example.com,  NORTH ,Email Campaign,Consumer,2025-10-10
CUST-1153,Daniel Brown,daniel.brown89@example.com,East,Organic Search,Consumer,2024-11-28
CUST-1154,Betty Johnson,betty.johnson48@example.com,West,Paid Ads,Consumer,2025-06-27
CUST-1155,Susan Jackson,susan.jackson24@example.com,South,Paid Ads,Consumer,2025-09-16
CUST-1156,Margaret Gonzalez,margaret.gonzalez31@example.com,west,Referral,Consumer,2024-08-25
CUST-1157,Joseph Rodriguez,joseph.rodriguez86@example.com,North,Email Campaign,Corporate,2025-11-24
CUST-1158,Sarah Garcia,sarah.garcia45@example.com,MIDWEST,Social Media,Small Business,2025-03-10
CUST-1159,Daniel Rodriguez,daniel.rodriguez39@example.com,south,Email Campaign,Corporate,2024-04-19
CUST-1160,Linda Gonzalez,linda.gonzalez74@example.com,East,,Corporate,2024-01-23
CUST-1161,Anthony Gonzalez,anthony.gonzalez73@example.com,,,Consumer,2025-09-12
CUST-1162,Lisa Thomas,lisa.thomas37@example.com,south,Referral,Corporate,2024-08-12
CUST-1163,Christopher Miller,christopher.miller87@example.com,,,Consumer,2025-10-05
CUST-1164,Patricia Johnson,patricia.johnson57@example.com,North,Referral,Corporate,2024-05-14
CUST-1165,John Martinez,john.martinez54@example.com,South,Paid Ads,Consumer,2025-07-06
CUST-1166,Donald Lopez,donald.lopez35@example.com,South,Social Media,Corporate,2024-10-29
CUST-1167,Lisa Hernandez,lisa.hernandez60@example.com,  NORTH ,Paid Ads,Consumer,2025-11-23
CUST-1168,Lisa Gonzalez,lisa.gonzalez72@example.com, EAST,Organic Search,Corporate,2024-01-15
CUST-1169,William Moore,william.moore48@example.com,,,Small Business,2024-09-25
CUST-1170,Charles Gonzalez,charles.gonzalez48@example.com,  NORTH ,,Consumer,2025-04-27
CUST-1171,James Martin,james.martin72@example.com, EAST,Referral,Consumer,2025-10-25
CUST-1172,John Anderson,john.anderson39@example.com,,Email Campaign,Consumer,2024-05-23
CUST-1173,Mary Johnson,mary.johnson64@example.com,  NORTH ,Organic Search,Consumer,2025-07-04
CUST-1174,Robert Gonzalez,robert.gonzalez86@example.com,Midwest,Email Campaign,Small Business,2024-06-07
CUST-1175,Donald Wilson,donald.wilson63@example.com,MIDWEST,Email Campaign,Corporate,2024-02-03
CUST-1176,Daniel Lopez,daniel.lopez57@example.com,south,Social Media,Consumer,2025-01-11
CUST-1177,Sarah Lopez,sarah.lopez36@example.com,south,Organic Search,Corporate,2024-04-03
CUST-1178,Nancy Miller,nancy.miller77@example.com,North,Organic Search,Corporate,2024-09-06
CUST-1179,Robert Jackson,robert.jackson98@example.com,Midwest,Paid Ads,Small Business,2024-08-09
CUST-1180,Anthony Davis,anthony.davis19@example.com,MIDWEST,Organic Search,Corporate,2024-05-28
CUST-1181,Robert Moore,robert.moore23@example.com,  NORTH ,,Consumer,2024-05-14
CUST-1182,James Lopez,james.lopez31@example.com,MIDWEST,Social Media,Consumer,2024-06-27
CUST-1183,William Johnson,william.johnson54@example.com,Midwest,Organic Search,Small Business,2024-03-06
CUST-1184,Jessica Anderson,jessica.anderson66@example.com,MIDWEST,Organic Search,Corporate,2025-05-30
CUST-1185,Linda Martin,linda.martin85@example.com,Midwest,Social Media,Corporate,2025-10-20
CUST-1186,James Johnson,james.johnson52@example.com,West,,Consumer,2025-05-17
CUST-1187,Daniel Anderson,daniel.anderson11@example.com, EAST,Referral,Consumer,2024-03-08
CUST-1188,Robert Rodriguez,robert.rodriguez75@example.com,Midwest,,Corporate,2025-01-25
CUST-1189,Karen Taylor,karen.taylor65@example.com,MIDWEST,Email Campaign,Consumer,2024-04-27
CUST-1190,Margaret Moore,margaret.moore28@example.com,West,Email Campaign,Consumer,2025-02-27
CUST-1191,David Anderson,david.anderson94@example.com,  NORTH ,Social Media,Corporate,2024-11-16
CUST-1192,Nancy Rodriguez,nancy.rodriguez20@example.com,,Email Campaign,Consumer,2024-04-03
CUST-1193,Anthony Williams,anthony.williams13@example.com, EAST,Paid Ads,Small Business,2024-03-02
CUST-1194,Charles Moore,charles.moore86@example.com,  NORTH ,Email Campaign,Corporate,2025-11-12
CUST-1195,Matthew Wilson,matthew.wilson93@example.com,North,Social Media,Small Business,2024-11-15
CUST-1196,Barbara Brown,barbara.brown28@example.com,South,,Corporate,2024-08-17
CUST-1197,Margaret Brown,margaret.brown72@example.com, EAST,Organic Search,Corporate,2025-08-10
CUST-1198,Linda Wilson,linda.wilson99@example.com,MIDWEST,Referral,Small Business,2025-10-20
CUST-1199,Sarah Smith,sarah.smith85@example.com,East,Organic Search,Consumer,2024-10-06
CUST-1200,Daniel Martinez,daniel.martinez45@example.com,North,Paid Ads,Consumer,2025-08-02
CUST-1201,Nancy Gonzalez,nancy.gonzalez95@example.com,,Organic Search,Consumer,2025-06-27
CUST-1202,Michael Gonzalez,michael.gonzalez44@example.com,South,Social Media,Corporate,2024-11-28
CUST-1203,Matthew Jackson,matthew.jackson7@example.com,South,Paid Ads,Small Business,2024-02-20
CUST-1204,Nancy Williams,nancy.williams85@example.com,West,Email Campaign,Small Business,2025-03-28
CUST-1205,Susan Rodriguez,susan.rodriguez66@example.com,  NORTH ,Social Media,Corporate,2024-04-23
CUST-1206,Elizabeth Jackson,elizabeth.jackson86@example.com,East,Organic Search,Consumer,2025-02-08
CUST-1207,Karen Johnson,,East,Paid Ads,Consumer,2024-09-18
CUST-1208,Elizabeth Hernandez,elizabeth.hernandez64@example.com,West,Paid Ads,Consumer,2025-01-24
CUST-1209,Sarah Davis,sarah.davis86@example.com, EAST,Organic Search,Corporate,2024-02-13
CUST-1210,Susan Smith,susan.smith10@example.com, EAST,Referral,Corporate,2025-08-10
CUST-1211,Richard Wilson,richard.wilson52@example.com,North,Social Media,Consumer,2025-09-24
CUST-1212,Joseph Lopez,joseph.lopez14@example.com,south,Email Campaign,Small Business,2025-02-14
CUST-1213,Thomas Williams,thomas.williams40@example.com, EAST,Paid Ads,Corporate,2024-06-21
CUST-1214,John Taylor,john.taylor68@example.com,Midwest,Paid Ads,Corporate,2024-12-25
CUST-1215,Lisa Jones,lisa.jones19@example.com,East,Paid Ads,Consumer,2025-09-08
CUST-1216,Robert Williams,robert.williams99@example.com,,Email Campaign,Corporate,2025-07-31
CUST-1217,Matthew Jackson,matthew.jackson73@example.com,,,Small Business,2024-11-26
CUST-1218,Margaret Hernandez,margaret.hernandez9@example.com,west,Email Campaign,Small Business,2024-11-06
CUST-1219,Betty Rodriguez,betty.rodriguez46@example.com,Midwest,Organic Search,Corporate,2025-04-17
CUST-1220,Joseph Johnson,joseph.johnson37@example.com,  NORTH ,,Consumer,2025-09-21
CUST-1221,Karen Taylor,karen.taylor75@example.com,Midwest,,Consumer,2025-04-05
CUST-1222,Sandra Jackson,sandra.jackson42@example.com,MIDWEST,Email Campaign,Small Business,2024-06-03
CUST-1223,Mary Anderson,mary.anderson44@example.com,  NORTH ,Referral,Small Business,2024-06-25
CUST-1224,Mary Davis,mary.davis57@example.com,Midwest,Referral,Small Business,2024-06-11
CUST-1225,Barbara Lopez,barbara.lopez50@example.com,West,Social Media,Small Business,2025-09-04
CUST-1226,Mary Hernandez,mary.hernandez13@example.com,Midwest,,Corporate,2024-10-17
CUST-1227,William Martin,william.martin43@example.com,  NORTH ,Referral,Small Business,2024-05-24
CUST-1228,Sandra Lopez,sandra.lopez84@example.com,,Email Campaign,Consumer,2025-09-01
CUST-1229,Daniel Williams,daniel.williams49@example.com,,Social Media,Consumer,2025-11-17
CUST-1230,Daniel Taylor,daniel.taylor86@example.com,West,Referral,Corporate,2024-01-19
CUST-1231,Barbara Martinez,barbara.martinez28@example.com, EAST,Email Campaign,Consumer,2024-08-19
CUST-1232,Robert Jones,robert.jones13@example.com,Midwest,Referral,Small Business,2025-06-23
CUST-1233,Mary Hernandez,mary.hernandez80@example.com,South,Referral,Corporate,2024-06-06
CUST-1234,Jennifer Garcia,jennifer.garcia99@example.com,MIDWEST,Paid Ads,Small Business,2025-03-24
CUST-1235,Mary Wilson,mary.wilson93@example.com,south,Email Campaign,Small Business,2024-10-18
CUST-1236,Matthew Anderson,matthew.anderson31@example.com,East,Email Campaign,Consumer,2025-01-11
CUST-1237,Nancy Jackson,nancy.jackson60@example.com,East,Email Campaign,Small Business,2025-06-24
CUST-1238,Susan Garcia,susan.garcia78@example.com,South,Social Media,Consumer,2025-10-18
CUST-1239,Jessica Lopez,jessica.lopez14@example.com,Midwest,Organic Search,Corporate,2024-03-26
CUST-1240,Matthew Garcia,matthew.garcia66@example.com,South,Email Campaign,Consumer,2024-08-15
CUST-1241,Anthony Anderson,anthony.anderson4@example.com,West,Organic Search,Corporate,2025-05-29
CUST-1242,Barbara Davis,barbara.davis11@example.com, EAST,Paid Ads,Consumer,2024-11-22
CUST-1243,Sandra Brown,sandra.brown84@example.com, EAST,Paid Ads,Consumer,2024-02-09
CUST-1244,Elizabeth Thomas,elizabeth.thomas18@example.com,west,Email Campaign,Small Business,2024-01-06
CUST-1245,Donald Williams,,south,Paid Ads,Small Business,2025-09-15
CUST-1246,Thomas Wilson,thomas.wilson37@example.com,south,Social Media,Consumer,2024-02-18
CUST-1247,Linda Wilson,linda.wilson80@example.com,west,Organic Search,Consumer,2025-05-26
CUST-1248,Karen Moore,,Midwest,Referral,Consumer,2024-05-27
CUST-1249,Elizabeth Wilson,, EAST,Paid Ads,Small Business,2025-03-02
CUST-1250,Jennifer Williams,jennifer.williams47@example.com,  NORTH ,Referral,Small Business,2025-06-03
CUST-1251,Betty Taylor,betty.taylor50@example.com,west,Organic Search,Small Business,2025-01-31
CUST-1252,Barbara Rodriguez,barbara.rodriguez46@example.com,  NORTH ,Social Media,Consumer,2025-11-03
CUST-1253,Christopher Brown,christopher.brown95@example.com, EAST,Paid Ads,Consumer,2024-12-26
CUST-1254,Sarah Hernandez,sarah.hernandez23@example.com,,Email Campaign,Small Business,2025-05-05
CUST-1255,Christopher Garcia,christopher.garcia9@example.com,west,Organic Search,Corporate,2024-07-25
CUST-1256,Mary Miller,mary.miller41@example.com,East,Referral,Corporate,2025-07-10
CUST-1257,Jessica Rodriguez,jessica.rodriguez83@example.com,south,Social Media,Corporate,2024-02-18
CUST-1258,Margaret Hernandez,margaret.hernandez48@example.com,West,Email Campaign,Small Business,2025-03-26
CUST-1259,Donald Gonzalez,donald.gonzalez24@example.com,west,,Corporate,2025-01-11
CUST-1260,Sandra Taylor,sandra.taylor11@example.com,West,Organic Search,Corporate,2025-09-08
CUST-1261,Anthony Garcia,anthony.garcia42@example.com,  NORTH ,Organic Search,Corporate,2025-11-07
CUST-1262,Elizabeth Martinez,elizabeth.martinez92@example.com,West,Paid Ads,Small Business,2025-03-30
CUST-1263,Barbara Anderson,barbara.anderson46@example.com,MIDWEST,Email Campaign,Corporate,2025-10-16
CUST-1264,Betty Johnson,betty.johnson82@example.com,West,Social Media,Small Business,2025-11-26
CUST-1265,Jennifer Smith,jennifer.smith78@example.com,,Email Campaign,Consumer,2024-05-09
CUST-1266,John Davis,john.davis47@example.com, EAST,Email Campaign,Small Business,2024-02-03
CUST-1267,Karen Jones,karen.jones48@example.com, EAST,Email Campaign,Consumer,2025-08-10
CUST-1268,Robert Taylor,robert.taylor41@example.com,,Social Media,Consumer,2024-04-26
CUST-1269,James Garcia,james.garcia50@example.com,Midwest,Organic Search,Corporate,2024-09-23
CUST-1270,Daniel Anderson,daniel.anderson79@example.com,East,,Corporate,2024-07-23
CUST-1271,Patricia Jones,patricia.jones58@example.com,South,,Corporate,2024-03-30
CUST-1272,Betty Hernandez,betty.hernandez91@example.com,  NORTH ,Referral,Small Business,2024-10-24
CUST-1273,Donald Martinez,donald.martinez92@example.com,,Paid Ads,Corporate,2025-06-04
CUST-1274,Linda Brown,linda.brown18@example.com,south,Email Campaign,Consumer,2025-01-04
CUST-1275,Sarah Jackson,sarah.jackson71@example.com,South,Referral,Consumer,2024-03-08
CUST-1276,Elizabeth Gonzalez,elizabeth.gonzalez93@example.com,west,Referral,Corporate,2025-02-23
CUST-1277,Anthony Jackson,anthony.jackson41@example.com,,Organic Search,Corporate,2025-04-22
CUST-1278,Nancy Taylor,nancy.taylor71@example.com,,Referral,Consumer,2024-05-12
CUST-1279,Susan Taylor,susan.taylor8@example.com,  NORTH ,Referral,Consumer,2024-11-07
CUST-1280,Jennifer Garcia,jennifer.garcia91@example.com,south,Social Media,Small Business,2024-10-17
CUST-1281,Margaret Williams,margaret.williams82@example.com,Midwest,Social Media,Consumer,2025-10-02
CUST-1282,Elizabeth Martin,elizabeth.martin65@example.com,,Paid Ads,Small Business,2025-08-17
CUST-1283,Robert Garcia,robert.garcia93@example.com,MIDWEST,Social Media,Small Business,2024-02-12
CUST-1284,Anthony Smith,anthony.smith83@example.com,MIDWEST,Social Media,Small Business,2024-08-03
CUST-1285,Matthew Jackson,matthew.jackson82@example.com,North,Email Campaign,Small Business,2025-07-12
CUST-1286,Elizabeth Martinez,elizabeth.martinez88@example.com,West,Social Media,Corporate,2024-03-15
CUST-1287,Daniel Johnson,daniel.johnson54@example.com,west,Email Campaign,Consumer,2024-12-14
CUST-1288,Karen Jones,karen.jones92@example.com, EAST,,Corporate,2025-02-12
CUST-1289,Robert Lopez,robert.lopez14@example.com, EAST,Paid Ads,Corporate,2024-05-05
CUST-1290,William Anderson,william.anderson13@example.com,North,Social Media,Corporate,2025-09-22
CUST-1291,Susan Davis,susan.davis21@example.com, EAST,Referral,Small Business,2024-11-16
CUST-1292,Michael Garcia,michael.garcia66@example.com,west,Email Campaign,Corporate,2025-05-24
CUST-1293,James Williams,james.williams65@example.com,west,Paid Ads,Consumer,2025-08-20
CUST-1294,Barbara Johnson,barbara.johnson64@example.com,MIDWEST,,Small Business,2025-04-26
CUST-1295,Elizabeth Moore,,  NORTH ,Email Campaign,Consumer,2024-09-27
CUST-1296,Lisa Lopez,lisa.lopez47@example.com,North,Email Campaign,Consumer,2025-08-06
CUST-1297,Sarah Miller,sarah.miller37@example.com,  NORTH ,Email Campaign,Small Business,2025-04-06
CUST-1298,Matthew Moore,matthew.moore80@example.com,,Referral,Consumer,2024-05-11
CUST-1299,Patricia Gonzalez,patricia.gonzalez44@example.com,Midwest,Social Media,Consumer,2024-07-22
CUST-1300,Karen Taylor,karen.taylor6@example.com,North,Organic Search,Consumer,2024-12-07
CUST-1301,Betty Thomas,betty.thomas20@example.com,MIDWEST,Referral,Consumer,2024-12-01
CUST-1302,Sandra Martin,sandra.martin51@example.com,MIDWEST,,Corporate,2025-08-30
CUST-1303,David Taylor,david.taylor69@example.com,west,,Small Business,2024-11-02
CUST-1304,Jessica Smith,jessica.smith87@example.com,  NORTH ,Email Campaign,Small Business,2024-11-11
CUST-1305,Betty Smith,betty.smith34@example.com,,Referral,Small Business,2024-08-21
CUST-1306,Lisa Johnson,lisa.johnson22@example.com,Midwest,,Small Business,2025-09-26
CUST-1307,Matthew Gonzalez,matthew.gonzalez88@example.com,south,Organic Search,Small Business,2024-04-22
CUST-1308,Michael Smith,michael.smith54@example.com,South,Email Campaign,Small Business,2024-07-27
CUST-1309,Susan Taylor,susan.taylor61@example.com,North,,Consumer,2025-06-15
CUST-1310,Michael Moore,michael.moore85@example.com,west,Referral,Corporate,2024-11-17
CUST-1311,Jennifer Anderson,jennifer.anderson44@example.com,Midwest,Social Media,Small Business,2025-11-28
CUST-1312,Christopher Rodriguez,christopher.rodriguez25@example.com,south,Social Media,Small Business,2024-11-01
CUST-1313,Linda Martinez,linda.martinez91@example.com,south,,Small Business,2025-05-15
CUST-1314,David Thomas,david.thomas93@example.com,East,Social Media,Consumer,2025-08-10
CUST-1315,Nancy Moore,nancy.moore51@example.com, EAST,Paid Ads,Corporate,2024-02-13
CUST-1316,Elizabeth Williams,elizabeth.williams57@example.com,,Social Media,Small Business,2025-05-05
CUST-1317,Michael Miller,michael.miller35@example.com,Midwest,,Corporate,2024-05-20
CUST-1318,Patricia Martin,patricia.martin31@example.com,south,Organic Search,Small Business,2025-06-27
CUST-1319,Linda Davis,linda.davis53@example.com, EAST,,Corporate,2024-04-12
CUST-1320,Nancy Jones,,Midwest,Paid Ads,Corporate,2025-10-30
CUST-1321,Sandra Thomas,sandra.thomas26@example.com,East,Social Media,Corporate,2025-10-23
CUST-1322,Mary Williams,mary.williams30@example.com,Midwest,,Small Business,2024-02-08
CUST-1323,Sandra Garcia,sandra.garcia23@example.com,North,Email Campaign,Corporate,2024-07-09
CUST-1324,Sandra Martinez,sandra.martinez2@example.com,East,Referral,Small Business,2024-04-19
CUST-1325,Sandra Hernandez,sandra.hernandez83@example.com,Midwest,Referral,Corporate,2024-05-17
CUST-1326,Margaret Taylor,margaret.taylor25@example.com,  NORTH ,Social Media,Consumer,2025-04-14
CUST-1327,Christopher Rodriguez,christopher.rodriguez2@example.com, EAST,Social Media,Small Business,2025-11-21
CUST-1328,Matthew Miller,matthew.miller82@example.com,West,Email Campaign,Small Business,2024-12-01
CUST-1329,John Gonzalez,john.gonzalez24@example.com,South,Email Campaign,Corporate,2024-09-11
CUST-1330,James Rodriguez,james.rodriguez58@example.com,East,Social Media,Corporate,2025-08-19
CUST-1331,Lisa Jackson,,,Social Media,Small Business,2024-08-29
CUST-1332,Mary Brown,mary.brown21@example.com,West,,Small Business,2024-11-14
CUST-1333,Daniel Brown,daniel.brown38@example.com, EAST,Referral,Consumer,2024-08-12
CUST-1334,Robert Thomas,robert.thomas96@example.com,MIDWEST,Social Media,Corporate,2025-07-16
CUST-1335,Sandra Thomas,sandra.thomas86@example.com,south,Paid Ads,Small Business,2025-09-02
CUST-1336,Margaret Williams,margaret.williams68@example.com, EAST,Organic Search,Small Business,2024-04-24
CUST-1337,Mary Moore,mary.moore26@example.com,MIDWEST,Referral,Consumer,2024-06-17
CUST-1338,David Taylor,david.taylor88@example.com,south,,Small Business,2025-05-15
CUST-1339,John Taylor,john.taylor8@example.com,west,Paid Ads,Small Business,2025-03-01
CUST-1340,Joseph Jackson,joseph.jackson60@example.com,,Social Media,Small Business,2024-01-23
CUST-1341,Richard Rodriguez,richard.rodriguez96@example.com,south,Referral,Consumer,2024-02-16
CUST-1342,Susan Lopez,susan.lopez70@example.com,North,Organic Search,Corporate,2024-02-02
CUST-1343,Elizabeth Wilson,elizabeth.wilson18@example.com,,,Small Business,2025-03-06
CUST-1344,Barbara Gonzalez,barbara.gonzalez49@example.com,West,Organic Search,Small Business,2025-11-08
CUST-1345,Margaret Moore,margaret.moore45@example.com,  NORTH ,Paid Ads,Small Business,2025-02-06
CUST-1346,Thomas Jones,thomas.jones29@example.com,North,Organic Search,Corporate,2025-04-19
CUST-1347,Nancy Moore,nancy.moore49@example.com,south,Paid Ads,Corporate,2024-12-20
CUST-1348,Robert Rodriguez,robert.rodriguez93@example.com,  NORTH ,Organic Search,Small Business,2025-03-05
CUST-1349,Karen Smith,karen.smith9@example.com,  NORTH ,Referral,Consumer,2025-04-02
CUST-1350,Karen Johnson,karen.johnson6@example.com,West,Email Campaign,Consumer,2025-07-06
CUST-1351,Michael Johnson,michael.johnson38@example.com,south,,Small Business,2024-11-22
CUST-1352,Charles Martin,charles.martin42@example.com,south,Social Media,Consumer,2025-11-07
CUST-1353,Thomas Davis,thomas.davis36@example.com,North,Referral,Small Business,2024-06-28
CUST-1354,Christopher Wilson,christopher.wilson7@example.com, EAST,,Small Business,2025-01-25
CUST-1355,Betty Taylor,betty.taylor54@example.com,West,Paid Ads,Corporate,2025-01-20
CUST-1356,Jennifer Moore,jennifer.moore29@example.com,East,,Consumer,2025-04-19
CUST-1357,Sandra Johnson,sandra.johnson54@example.com,Midwest,Referral,Consumer,2025-02-01
CUST-1358,Linda Rodriguez,linda.rodriguez83@example.com,  NORTH ,Email Campaign,Corporate,2024-04-04
CUST-1359,Sarah Miller,sarah.miller49@example.com,,Referral,Small Business,2024-02-10
CUST-1360,Margaret Williams,margaret.williams98@example.com,MIDWEST,,Small Business,2025-07-26
CUST-1361,Michael Thomas,michael.thomas43@example.com,East,Organic Search,Consumer,2024-07-13
CUST-1362,Lisa Brown,lisa.brown97@example.com,west,Paid Ads,Small Business,2025-09-10
CUST-1363,Daniel Miller,daniel.miller31@example.com,Midwest,Social Media,Corporate,2025-01-24
CUST-1364,Joseph Moore,joseph.moore40@example.com,East,Social Media,Small Business,2025-05-24
CUST-1365,Joseph Brown,joseph.brown93@example.com,west,Social Media,Consumer,2025-01-14
CUST-1366,David Wilson,david.wilson29@example.com,South,Organic Search,Corporate,2025-07-20
CUST-1367,Sandra Jackson,sandra.jackson54@example.com,East,Paid Ads,Consumer,2024-12-03
CUST-1368,Linda Gonzalez,linda.gonzalez32@example.com,west,Referral,Small Business,2024-12-11
CUST-1369,William Thomas,william.thomas83@example.com,west,Email Campaign,Consumer,2024-12-26
CUST-1370,Jennifer Jones,jennifer.jones63@example.com,South,Referral,Small Business,2024-03-01
CUST-1371,Thomas Johnson,thomas.johnson10@example.com,,Organic Search,Consumer,2025-02-26
CUST-1372,Robert Davis,robert.davis20@example.com,North,Paid Ads,Small Business,2025-04-11
CUST-1373,Barbara Johnson,barbara.johnson86@example.com,MIDWEST,Email Campaign,Small Business,2025-05-14
CUST-1374,James Smith,james.smith53@example.com,North,Organic Search,Small Business,2024-10-08
CUST-1375,Sarah Martinez,,,Email Campaign,Consumer,2024-04-19
CUST-1376,Sandra Brown,sandra.brown31@example.com,south,Referral,Small Business,2024-09-15
CUST-1377,Anthony Lopez,anthony.lopez51@example.com,  NORTH ,Social Media,Corporate,2025-04-15
CUST-1378,Charles Davis,charles.davis29@example.com,East,,Consumer,2025-10-31
CUST-1379,Margaret Johnson,margaret.johnson49@example.com,West,Referral,Corporate,2024-02-27
CUST-1380,Christopher Smith,christopher.smith11@example.com,west,Email Campaign,Small Business,2024-12-05
CUST-1381,Charles Brown,charles.brown6@example.com,south,Paid Ads,Small Business,2025-08-03
CUST-1382,Jessica Rodriguez,jessica.rodriguez10@example.com,,Social Media,Small Business,2025-07-31
CUST-1383,Nancy Johnson,nancy.johnson41@example.com,North,Paid Ads,Small Business,2024-05-27
CUST-1384,Matthew Gonzalez,matthew.gonzalez39@example.com,South,Referral,Consumer,2025-08-03
CUST-1385,Anthony Gonzalez,anthony.gonzalez70@example.com, EAST,Email Campaign,Small Business,2024-05-23
CUST-1386,Betty Williams,betty.williams45@example.com,North,Organic Search,Corporate,2024-08-25
CUST-1387,Anthony Williams,anthony.williams99@example.com,MIDWEST,Referral,Corporate,2024-11-30
CUST-1388,James Rodriguez,james.rodriguez58@example.com,west,Paid Ads,Corporate,2025-07-20
CUST-1389,Richard Wilson,richard.wilson75@example.com,,Email Campaign,Consumer,2025-09-25
CUST-1390,Elizabeth Davis,elizabeth.davis11@example.com,East,Paid Ads,Corporate,2025-10-11
CUST-1391,Robert Gonzalez,robert.gonzalez14@example.com,  NORTH ,Organic Search,Corporate,2025-03-31
CUST-1392,Barbara Rodriguez,barbara.rodriguez12@example.com,South,Email Campaign,Corporate,2025-07-24
CUST-1393,Sarah Taylor,sarah.taylor4@example.com,  NORTH ,Social Media,Small Business,2024-04-05
CUST-1394,Karen Martin,karen.martin50@example.com,North,Social Media,Corporate,2025-02-01
CUST-1395,Matthew Williams,matthew.williams72@example.com,south,Referral,Small Business,2024-06-22
CUST-1396,Nancy Gonzalez,nancy.gonzalez35@example.com,East,Social Media,Corporate,2024-05-29
CUST-1397,John Garcia,john.garcia54@example.com,East,Email Campaign,Consumer,2025-01-04
CUST-1398,William Davis,william.davis64@example.com,MIDWEST,Referral,Consumer,2025-04-13
CUST-1399,Patricia Jones,patricia.jones51@example.com, EAST,Referral,Corporate,2024-12-03
CUST-1400,Joseph Hernandez,joseph.hernandez84@example.com,MIDWEST,Paid Ads,Corporate,2024-11-24
CUST-1401,Karen Miller,karen.miller23@example.com,West,Social Media,Corporate,2025-10-10
CUST-1402,Jessica Jackson,jessica.jackson42@example.com,West,Social Media,Corporate,2025-01-08
CUST-1403,Patricia Jackson,patricia.jackson70@example.com,South,,Small Business,2024-01-28
CUST-1404,Lisa Anderson,lisa.anderson27@example.com,west,Social Media,Small Business,2024-03-11
CUST-1405,Anthony Wilson,anthony.wilson18@example.com,,Social Media,Consumer,2024-09-15
CUST-1406,Nancy Jones,nancy.jones49@example.com,  NORTH ,Email Campaign,Small Business,2025-05-05
CUST-1407,Charles Gonzalez,charles.gonzalez89@example.com,West,Referral,Consumer,2025-01-03
CUST-1408,Daniel Moore,daniel.moore11@example.com,  NORTH ,Paid Ads,Small Business,2025-11-11
CUST-1409,Barbara Garcia,barbara.garcia6@example.com,MIDWEST,,Small Business,2025-10-24
CUST-1410,Richard Hernandez,richard.hernandez56@example.com,  NORTH ,Organic Search,Consumer,2024-09-21
CUST-1411,Linda Taylor,linda.taylor72@example.com,MIDWEST,,Small Business,2024-08-14
CUST-1412,Joseph Lopez,joseph.lopez99@example.com,,Referral,Small Business,2025-05-27
CUST-1413,Robert Lopez,robert.lopez62@example.com,  NORTH ,Social Media,Corporate,2024-03-28
CUST-1414,Patricia Jones,patricia.jones44@example.com,west,Paid Ads,Small Business,2025-05-09
CUST-1415,Barbara Thomas,barbara.thomas93@example.com,west,Social Media,Consumer,2024-11-03
CUST-1416,Mary Brown,, EAST,,Consumer,2025-11-24
CUST-1417,Betty Garcia,betty.garcia95@example.com,south,Referral,Consumer,2025-07-19
CUST-1418,Jennifer Hernandez,jennifer.hernandez60@example.com,south,Email Campaign,Small Business,2024-07-07
CUST-1419,Jennifer Wilson,jennifer.wilson95@example.com,MIDWEST,Paid Ads,Corporate,2025-08-29
CUST-1420,Susan Gonzalez,,south,Paid Ads,Corporate,2024-03-05
CUST-1421,Charles Brown,charles.brown69@example.com,South,Social Media,Corporate,2024-07-20
CUST-1422,Joseph Brown,joseph.brown63@example.com,Midwest,,Corporate,2025-09-03
CUST-1423,Richard Martin,richard.martin15@example.com, EAST,Social Media,Corporate,2025-09-24
CUST-1424,Jennifer Martinez,jennifer.martinez76@example.com,  NORTH ,,Consumer,2024-11-16
CUST-1425,Patricia Davis,patricia.davis24@example.com, EAST,,Consumer,2025-06-07
CUST-1426,Richard Wilson,richard.wilson74@example.com,West,Email Campaign,Consumer,2025-05-13
CUST-1427,Christopher Moore,christopher.moore83@example.com,South,Referral,Consumer,2025-05-16
CUST-1428,Elizabeth Jones,elizabeth.jones58@example.com,MIDWEST,Organic Search,Corporate,2024-01-10
CUST-1429,Jessica Jones,jessica.jones50@example.com,Midwest,Referral,Small Business,2025-05-21
CUST-1430,Susan Thomas,susan.thomas57@example.com,west,Paid Ads,Consumer,2025-08-01
CUST-1431,James Davis,james.davis36@example.com,south,Referral,Corporate,2024-06-21
CUST-1432,Matthew Anderson,matthew.anderson99@example.com,west,Referral,Small Business,2024-04-25
CUST-1433,Charles Brown,charles.brown70@example.com, EAST,Referral,Consumer,2025-03-27
CUST-1434,Sarah Miller,sarah.miller14@example.com,,Paid Ads,Corporate,2024-02-03
CUST-1435,Joseph Rodriguez,joseph.rodriguez12@example.com,west,Organic Search,Consumer,2024-08-02
CUST-1436,Betty Jackson,betty.jackson91@example.com,MIDWEST,,Corporate,2024-06-18
CUST-1437,Karen Jones,karen.jones27@example.com,North,Referral,Corporate,2025-06-29
CUST-1438,William Martin,william.martin42@example.com,East,Social Media,Small Business,2024-09-30
CUST-1439,Margaret Taylor,margaret.taylor87@example.com,  NORTH ,Paid Ads,Corporate,2024-03-01
CUST-1440,William Jones,william.jones17@example.com,south,Paid Ads,Small Business,2024-11-25
CUST-1441,Anthony Davis,anthony.davis87@example.com,West,Email Campaign,Consumer,2025-08-14
CUST-1442,Christopher Rodriguez,christopher.rodriguez49@example.com,west,Organic Search,Small Business,2024-04-05
CUST-1443,Richard Taylor,richard.taylor89@example.com, EAST,Email Campaign,Corporate,2024-12-01
CUST-1444,Charles Smith,charles.smith94@example.com,  NORTH ,,Corporate,2025-10-12
CUST-1445,Nancy Lopez,nancy.lopez69@example.com,West,Paid Ads,Corporate,2024-08-04
CUST-1446,Jessica Rodriguez,jessica.rodriguez37@example.com, EAST,Referral,Small Business,2024-05-13
CUST-1447,Charles Thomas,charles.thomas88@example.com,North,Organic Search,Consumer,2025-10-03
CUST-1448,Betty Anderson,,South,Email Campaign,Corporate,2024-01-01
CUST-1449,Susan Miller,susan.miller17@example.com,,Social Media,Consumer,2024-10-07
CUST-1450,John Lopez,john.lopez48@example.com,,,Consumer,2024-02-23
CUST-1451,Richard Martinez,richard.martinez97@example.com,south,Email Campaign,Small Business,2024-04-03
CUST-1452,Daniel Brown,,west,Organic Search,Consumer,2025-08-30
CUST-1453,Linda Taylor,linda.taylor2@example.com,North,,Corporate,2024-05-03
CUST-1454,Margaret Wilson,margaret.wilson62@example.com,  NORTH ,Paid Ads,Corporate,2024-04-01
CUST-1455,Lisa Brown,lisa.brown48@example.com,East,Paid Ads,Corporate,2024-05-16
CUST-1456,Christopher Jones,christopher.jones73@example.com,North,Referral,Small Business,2024-06-17
CUST-1457,Joseph Lopez,joseph.lopez81@example.com,South,Email Campaign,Small Business,2025-03-29
CUST-1458,Margaret Miller,margaret.miller13@example.com,South,Organic Search,Small Business,2025-01-28
CUST-1459,Barbara Wilson,barbara.wilson18@example.com,south,Social Media,Small Business,2024-03-27
CUST-1460,Linda Moore,linda.moore93@example.com,MIDWEST,Social Media,Small Business,2024-01-28
CUST-1461,Margaret Martinez,margaret.martinez78@example.com,Midwest,Paid Ads,Small Business,2025-02-05
CUST-1462,Elizabeth Johnson,elizabeth.johnson31@example.com,west,Email Campaign,Consumer,2024-09-03
CUST-1463,Jessica Martin,jessica.martin2@example.com, EAST,Social Media,Consumer,2025-01-31
CUST-1464,Margaret Jackson,margaret.jackson70@example.com,,Paid Ads,Corporate,2024-03-15
CUST-1465,James Jackson,james.jackson34@example.com,south,Organic Search,Consumer,2025-02-11
CUST-1466,Thomas Martinez,thomas.martinez65@example.com,West,Email Campaign,Small Business,2025-02-15
CUST-1467,John Moore,john.moore20@example.com,East,Organic Search,Corporate,2024-03-21
CUST-1468,Thomas Miller,thomas.miller20@example.com,Midwest,Social Media,Corporate,2025-08-23
CUST-1469,Christopher Williams,christopher.williams56@example.com,south,Organic Search,Consumer,2024-03-29
CUST-1470,Sandra Wilson,sandra.wilson79@example.com,MIDWEST,Organic Search,Corporate,2025-11-13
CUST-1471,Lisa Garcia,lisa.garcia91@example.com,South,,Consumer,2024-06-16
CUST-1472,Jessica Lopez,jessica.lopez93@example.com,East,Paid Ads,Corporate,2024-05-09
CUST-1473,Lisa Rodriguez,lisa.rodriguez16@example.com,North,Social Media,Corporate,2024-10-05
CUST-1474,Thomas Williams,thomas.williams74@example.com,,Organic Search,Corporate,2025-04-11
CUST-1475,Thomas Lopez,thomas.lopez73@example.com,South,Social Media,Consumer,2024-09-18
CUST-1476,Matthew Brown,matthew.brown87@example.com,  NORTH ,Paid Ads,Small Business,2025-06-05
CUST-1477,James Johnson,james.johnson2@example.com,south,Organic Search,Corporate,2025-01-07
CUST-1478,Richard Jones,richard.jones5@example.com,Midwest,,Small Business,2025-11-02
CUST-1479,Susan Davis,susan.davis54@example.com, EAST,Social Media,Consumer,2025-08-08
CUST-1480,Barbara Brown,barbara.brown7@example.com,South,Paid Ads,Small Business,2024-02-17
CUST-1481,Richard Williams,richard.williams37@example.com,East,Social Media,Consumer,2025-07-20
CUST-1482,Joseph Smith,joseph.smith38@example.com,MIDWEST,Social Media,Small Business,2025-09-29
CUST-1483,Linda Anderson,linda.anderson64@example.com,south,,Small Business,2024-09-08
CUST-1484,Robert Smith,robert.smith4@example.com,south,Referral,Corporate,2025-10-13
CUST-1485,Anthony Smith,anthony.smith1@example.com,,Email Campaign,Small Business,2024-11-10
CUST-1486,Patricia Miller,patricia.miller31@example.com,West,Email Campaign,Consumer,2024-05-25
CUST-1487,Daniel Rodriguez,daniel.rodriguez30@example.com,Midwest,Email Campaign,Small Business,2025-01-16
CUST-1488,Joseph Williams,joseph.williams65@example.com,South,,Corporate,2024-03-17
CUST-1489,Charles Jackson,charles.jackson85@example.com,South,Paid Ads,Corporate,2024-09-24
CUST-1490,Margaret Hernandez,margaret.hernandez51@example.com, EAST,Social Media,Corporate,2024-10-05
CUST-1491,Linda Williams,linda.williams18@example.com,MIDWEST,Organic Search,Consumer,2024-04-18
CUST-1492,Jennifer Anderson,jennifer.anderson53@example.com,  NORTH ,Referral,Corporate,2024-07-31
CUST-1493,Joseph Martinez,joseph.martinez16@example.com,  NORTH ,Paid Ads,Small Business,2024-11-07
CUST-1494,Anthony Martin,anthony.martin42@example.com,South,Organic Search,Small Business,2024-09-11
CUST-1495,Barbara Gonzalez,barbara.gonzalez87@example.com,East,Social Media,Consumer,2024-02-01
CUST-1496,Richard Anderson,richard.anderson71@example.com,south,Organic Search,Corporate,2024-04-14
CUST-1497,Betty Jones,betty.jones8@example.com,south,Paid Ads,Consumer,2025-02-14
CUST-1498,Barbara Williams,barbara.williams34@example.com,  NORTH ,Organic Search,Consumer,2024-07-21
CUST-1499,Donald Anderson,donald.anderson12@example.com, EAST,Organic Search,Consumer,2025-04-17
CUST-1500,Mary Garcia,mary.garcia56@example.com,West,Email Campaign,Consumer,2025-01-26
CUST-1501,Nancy Wilson,nancy.wilson28@example.com,South,Social Media,Corporate,2025-04-01
CUST-1502,Donald Jones,donald.jones80@example.com,MIDWEST,Paid Ads,Small Business,2024-10-29
CUST-1503,Jessica Wilson,jessica.wilson62@example.com,North,Organic Search,Corporate,2025-01-27
CUST-1504,Robert Wilson,robert.wilson68@example.com,south,,Small Business,2024-01-20
CUST-1505,Richard Lopez,richard.lopez63@example.com, EAST,Referral,Small Business,2024-11-25
CUST-1506,Richard Rodriguez,richard.rodriguez41@example.com,MIDWEST,Paid Ads,Consumer,2024-10-14
CUST-1507,Mary Thomas,mary.thomas99@example.com,MIDWEST,Paid Ads,Consumer,2024-04-12
CUST-1508,Linda Davis,linda.davis95@example.com,North,Paid Ads,Small Business,2025-02-01
CUST-1509,Barbara Garcia,barbara.garcia76@example.com, EAST,,Small Business,2025-01-02
CUST-1510,Sandra Jackson,, EAST,Referral,Small Business,2024-05-25
CUST-1511,Charles Miller,charles.miller64@example.com,Midwest,Social Media,Consumer,2025-05-17
CUST-1512,Mary Williams,mary.williams78@example.com,south,Organic Search,Small Business,2025-05-04
CUST-1513,James Hernandez,james.hernandez26@example.com,South,Social Media,Small Business,2024-06-30
CUST-1514,Sandra Hernandez,sandra.hernandez19@example.com,MIDWEST,,Consumer,2024-04-23
CUST-1515,Margaret Taylor,margaret.taylor10@example.com, EAST,,Small Business,2025-02-09
CUST-1516,Charles Brown,charles.brown42@example.com,South,Paid Ads,Small Business,2025-03-23
CUST-1517,Betty Thomas,betty.thomas23@example.com,Midwest,,Small Business,2024-12-31
CUST-1518,Linda Jackson,linda.jackson49@example.com,East,,Small Business,2024-10-28
CUST-1519,Robert Garcia,robert.garcia90@example.com,MIDWEST,Email Campaign,Small Business,2024-02-03
CUST-1520,Jennifer Martin,jennifer.martin79@example.com,south,,Small Business,2024-04-16
CUST-1521,Sandra Thomas,sandra.thomas96@example.com,  NORTH ,Paid Ads,Corporate,2024-11-23
CUST-1522,Jennifer Williams,jennifer.williams86@example.com,,,Corporate,2025-04-02
CUST-1523,James Rodriguez,james.rodriguez89@example.com,  NORTH ,Social Media,Corporate,2024-04-20
CUST-1524,Lisa Smith,lisa.smith57@example.com,West,Paid Ads,Corporate,2025-05-19
CUST-1525,Donald Gonzalez,donald.gonzalez49@example.com,  NORTH ,Email Campaign,Small Business,2025-10-28
CUST-1526,Matthew Davis,matthew.davis10@example.com,North,Social Media,Consumer,2024-11-22
CUST-1527,William Brown,william.brown22@example.com,West,Paid Ads,Small Business,2024-03-17
CUST-1528,Sarah Williams,sarah.williams79@example.com,west,,Consumer,2025-03-17
CUST-1529,Christopher Garcia,christopher.garcia56@example.com,South,Organic Search,Consumer,2024-12-05
CUST-1530,Michael Miller,michael.miller71@example.com,Midwest,Social Media,Small Business,2024-10-15
CUST-1531,Elizabeth Davis,elizabeth.davis51@example.com,MIDWEST,Referral,Corporate,2024-06-06
CUST-1532,Mary Lopez,,  NORTH ,Social Media,Small Business,2025-10-02
CUST-1533,Karen Thomas,karen.thomas4@example.com,south,Paid Ads,Small Business,2024-10-25
CUST-1534,John Thomas,john.thomas40@example.com,West,Email Campaign,Corporate,2025-11-07
CUST-1535,William Williams,william.williams50@example.com,South,Social Media,Corporate,2025-01-13
CUST-1536,Jennifer Anderson,jennifer.anderson57@example.com,west,Social Media,Consumer,2024-10-02
CUST-1537,Charles Johnson,charles.johnson90@example.com,,Organic Search,Consumer,2025-11-15
CUST-1538,Barbara Moore,barbara.moore97@example.com,MIDWEST,Paid Ads,Small Business,2024-03-03
CUST-1539,Anthony Gonzalez,anthony.gonzalez54@example.com,Midwest,,Corporate,2025-08-09
CUST-1540,Donald Davis,donald.davis11@example.com,West,,Consumer,2025-05-29
CUST-1541,Charles Taylor,charles.taylor87@example.com,MIDWEST,Paid Ads,Consumer,2025-04-04
CUST-1542,Jennifer Garcia,jennifer.garcia25@example.com,South,Organic Search,Corporate,2024-03-21
CUST-1543,Nancy Wilson,nancy.wilson81@example.com,South,Referral,Corporate,2024-11-23
CUST-1544,Sandra Williams,sandra.williams72@example.com,West,Referral,Corporate,2024-10-09
CUST-1545,Thomas Anderson,thomas.anderson2@example.com,MIDWEST,Referral,Small Business,2025-03-05
CUST-1546,Patricia Wilson,patricia.wilson73@example.com,MIDWEST,Referral,Consumer,2024-04-18
CUST-1547,Charles Brown,charles.brown69@example.com, EAST,Email Campaign,Corporate,2025-01-27
CUST-1548,Christopher Thomas,christopher.thomas61@example.com,North,Paid Ads,Corporate,2025-02-16
CUST-1549,Robert Martin,robert.martin89@example.com,West,Organic Search,Corporate,2024-12-05
CUST-1550,Daniel Davis,daniel.davis61@example.com,East,Social Media,Consumer,2024-12-11
CUST-1551,Anthony Martinez,anthony.martinez63@example.com,,Organic Search,Consumer,2024-05-17
CUST-1552,Elizabeth Anderson,elizabeth.anderson42@example.com,East,,Corporate,2025-09-11
CUST-1553,Christopher Williams,christopher.williams28@example.com,West,,Corporate,2025-06-12
CUST-1554,Margaret Lopez,margaret.lopez66@example.com,South,Organic Search,Corporate,2025-06-02
CUST-1555,Richard Jones,richard.jones68@example.com,MIDWEST,Organic Search,Consumer,2024-07-16
CUST-1556,Donald Miller,donald.miller32@example.com,North,Email Campaign,Consumer,2025-01-04
CUST-1557,Daniel Miller,daniel.miller60@example.com,Midwest,Email Campaign,Small Business,2024-05-06
CUST-1558,Nancy Smith,nancy.smith63@example.com,MIDWEST,Email Campaign,Consumer,2025-04-30
CUST-1559,Charles Moore,charles.moore21@example.com,East,,Small Business,2024-04-02
CUST-1560,Elizabeth Smith,elizabeth.smith21@example.com,MIDWEST,Paid Ads,Consumer,2025-10-24
CUST-1561,Linda Miller,linda.miller53@example.com,Midwest,Organic Search,Small Business,2024-01-10
CUST-1562,Jessica Jones,jessica.jones77@example.com,North,Paid Ads,Corporate,2025-09-14
CUST-1563,Betty Martinez,betty.martinez91@example.com,,Social Media,Corporate,2025-01-20
CUST-1564,Margaret Lopez,margaret.lopez28@example.com,west,Social Media,Small Business,2025-06-17
CUST-1565,Anthony Martin,anthony.martin14@example.com,North,Referral,Small Business,2025-01-18
CUST-1566,Sarah Martin,sarah.martin39@example.com,,Organic Search,Corporate,2024-03-06
CUST-1567,David Rodriguez,david.rodriguez36@example.com,East,,Small Business,2025-10-29
CUST-1568,Elizabeth Miller,elizabeth.miller98@example.com,south,Organic Search,Small Business,2025-02-17
CUST-1569,Nancy Hernandez,nancy.hernandez93@example.com,North,,Corporate,2024-10-29
CUST-1570,William Wilson,william.wilson95@example.com,North,Referral,Small Business,2025-08-08
CUST-1571,Anthony Miller,anthony.miller92@example.com,south,,Small Business,2025-10-15
CUST-1572,Betty Thomas,betty.thomas86@example.com, EAST,Referral,Corporate,2024-06-23
CUST-1573,Anthony Moore,anthony.moore13@example.com,west,Paid Ads,Small Business,2024-09-21
CUST-1574,Lisa Moore,lisa.moore24@example.com,,Social Media,Small Business,2024-04-01
CUST-1575,Linda Lopez,linda.lopez40@example.com,West,Social Media,Corporate,2024-09-23
CUST-1576,Charles Martinez,charles.martinez16@example.com,west,Organic Search,Small Business,2025-08-20
CUST-1577,Charles Martin,charles.martin25@example.com,Midwest,Organic Search,Small Business,2025-01-25
CUST-1578,Thomas Martinez,thomas.martinez20@example.com,South,Paid Ads,Corporate,2025-02-23
CUST-1579,Charles Anderson,charles.anderson92@example.com,South,Organic Search,Corporate,2024-12-06
CUST-1580,Christopher Garcia,christopher.garcia8@example.com,North,Email Campaign,Corporate,2024-08-02
CUST-1581,Matthew Garcia,matthew.garcia21@example.com,west,Organic Search,Consumer,2025-09-21
CUST-1582,Susan Wilson,susan.wilson62@example.com,West,Organic Search,Consumer,2025-06-30
CUST-1583,Michael Lopez,michael.lopez42@example.com,Midwest,Paid Ads,Consumer,2025-11-23
CUST-1584,James Davis,james.davis45@example.com,East,Paid Ads,Consumer,2025-01-27
CUST-1585,Thomas Jackson,thomas.jackson9@example.com,North,Social Media,Corporate,2025-04-11
CUST-1586,Lisa Taylor,lisa.taylor44@example.com,West,,Consumer,2024-12-16
CUST-1587,Donald Thomas,donald.thomas25@example.com,South,Email Campaign,Consumer,2024-08-21
CUST-1588,Linda Jones,linda.jones3@example.com,MIDWEST,Referral,Consumer,2024-05-06
CUST-1589,Barbara Johnson,barbara.johnson82@example.com,East,Referral,Small Business,2024-02-19
CUST-1590,Karen Johnson,karen.johnson84@example.com,North,Organic Search,Small Business,2024-04-28
CUST-1591,Susan Anderson,susan.anderson71@example.com,East,Email Campaign,Small Business,2024-06-05
CUST-1592,Michael Smith,michael.smith85@example.com,  NORTH ,,Small Business,2024-10-03
CUST-1593,Karen Martin,karen.martin54@example.com,  NORTH ,Referral,Small Business,2025-09-24
CUST-1594,Patricia Martinez,patricia.martinez14@example.com,west,Paid Ads,Small Business,2024-07-23
CUST-1595,Matthew Rodriguez,matthew.rodriguez26@example.com, EAST,,Corporate,2024-10-29
CUST-1596,Jennifer Johnson,jennifer.johnson27@example.com,west,Social Media,Consumer,2024-01-03
CUST-1597,James Williams,james.williams74@example.com,,Email Campaign,Consumer,2024-04-02
CUST-1598,Matthew Taylor,matthew.taylor93@example.com,  NORTH ,Social Media,Small Business,2024-08-24
CUST-1599,Joseph Martinez,joseph.martinez7@example.com,  NORTH ,Paid Ads,Consumer,2024-10-24
CUST-1600,Barbara Hernandez,barbara.hernandez15@example.com,  NORTH ,Organic Search,Consumer,2024-05-21
CUST-1601,Nancy Garcia,nancy.garcia57@example.com,MIDWEST,Social Media,Small Business,2024-04-05
CUST-1602,Barbara Hernandez,barbara.hernandez52@example.com,West,Email Campaign,Corporate,2025-01-29
CUST-1603,Daniel Thomas,daniel.thomas84@example.com,South,Organic Search,Consumer,2024-03-01
CUST-1604,Margaret Garcia,margaret.garcia76@example.com,west,Referral,Small Business,2025-03-24
CUST-1605,Jennifer Martin,jennifer.martin46@example.com,MIDWEST,Organic Search,Small Business,2024-05-13
CUST-1606,Jessica Thomas,jessica.thomas53@example.com,west,Organic Search,Consumer,2024-09-24
CUST-1607,Christopher Hernandez,,,Referral,Small Business,2025-08-13
CUST-1608,Lisa Jackson,lisa.jackson86@example.com, EAST,Referral,Small Business,2025-09-25
CUST-1609,Patricia Wilson,patricia.wilson32@example.com,west,Social Media,Small Business,2025-11-23
CUST-1610,Christopher Gonzalez,christopher.gonzalez72@example.com,MIDWEST,Organic Search,Consumer,2025-10-20
CUST-1611,Sandra Garcia,sandra.garcia61@example.com,west,Paid Ads,Consumer,2025-05-18
CUST-1612,David Davis,david.davis36@example.com,North,Referral,Consumer,2025-07-17
CUST-1613,Christopher Gonzalez,christopher.gonzalez31@example.com,  NORTH ,Email Campaign,Corporate,2025-08-09
CUST-1614,Joseph Williams,joseph.williams58@example.com, EAST,Organic Search,Corporate,2025-10-31
CUST-1615,James Brown,james.brown5@example.com,Midwest,Referral,Consumer,2024-04-03
CUST-1616,Betty Martin,betty.martin82@example.com,East,Referral,Small Business,2024-07-30
CUST-1617,Christopher Anderson,christopher.anderson47@example.com,North,Paid Ads,Corporate,2024-12-05
CUST-1618,Sarah Martin,sarah.martin92@example.com,,Social Media,Small Business,2025-04-08
CUST-1619,Patricia Brown,patricia.brown29@example.com,North,Social Media,Corporate,2025-10-10
CUST-1620,Betty Martinez,betty.martinez48@example.com,  NORTH ,Organic Search,Consumer,2025-05-19
CUST-1621,Robert Wilson,robert.wilson79@example.com,south,Paid Ads,Consumer,2025-02-06
CUST-1622,Michael Anderson,michael.anderson25@example.com, EAST,Organic Search,Corporate,2024-02-17
CUST-1623,Sandra Jackson,sandra.jackson58@example.com,west,,Small Business,2025-05-31
CUST-1624,Robert Thomas,,North,Referral,Corporate,2025-08-22
CUST-1625,Jessica Taylor,jessica.taylor23@example.com,MIDWEST,Paid Ads,Small Business,2024-05-11
CUST-1626,Patricia Gonzalez,patricia.gonzalez78@example.com, EAST,Referral,Corporate,2025-03-04
CUST-1627,Karen Davis,karen.davis44@example.com,East,Email Campaign,Consumer,2024-05-21
CUST-1628,Susan Martin,susan.martin96@example.com,Midwest,Social Media,Small Business,2025-07-14
CUST-1629,Margaret Hernandez,margaret.hernandez71@example.com,,Paid Ads,Consumer,2024-08-02
CUST-1630,Karen Martinez,karen.martinez87@example.com,South,,Small Business,2024-07-01
CUST-1631,Thomas Moore,thomas.moore42@example.com,  NORTH ,Social Media,Small Business,2025-05-06
CUST-1632,Charles Jackson,charles.jackson91@example.com,West,,Small Business,2025-06-30
CUST-1633,Elizabeth Wilson,elizabeth.wilson67@example.com,  NORTH ,Organic Search,Corporate,2024-05-28
CUST-1634,Mary Johnson,mary.johnson97@example.com,South,Social Media,Small Business,2024-09-13
CUST-1635,Robert Johnson,robert.johnson38@example.com,south,Referral,Consumer,2025-01-02
CUST-1636,Anthony Anderson,anthony.anderson87@example.com,Midwest,Paid Ads,Small Business,2025-10-24
CUST-1637,Sarah Gonzalez,sarah.gonzalez90@example.com,East,,Small Business,2024-02-18
CUST-1638,Sandra Gonzalez,sandra.gonzalez88@example.com, EAST,Referral,Consumer,2024-01-14
CUST-1639,Lisa Rodriguez,lisa.rodriguez57@example.com,south,,Small Business,2025-10-25
CUST-1640,Barbara Jackson,barbara.jackson78@example.com,south,,Consumer,2024-10-28
CUST-1641,Joseph Garcia,joseph.garcia10@example.com,South,Paid Ads,Small Business,2025-06-10
CUST-1642,Patricia Gonzalez,patricia.gonzalez36@example.com,Midwest,Social Media,Consumer,2024-06-13
CUST-1643,Charles Rodriguez,,west,,Consumer,2024-02-10
CUST-1644,Robert Hernandez,robert.hernandez81@example.com,MIDWEST,,Corporate,2025-05-17
CUST-1645,Betty Jackson,betty.jackson10@example.com, EAST,Referral,Consumer,2024-07-07
CUST-1646,Thomas Williams,thomas.williams21@example.com,West,Referral,Small Business,2025-02-17
CUST-1647,John Lopez,john.lopez28@example.com,,Social Media,Corporate,2025-01-04
CUST-1648,Elizabeth Miller,elizabeth.miller80@example.com,Midwest,Email Campaign,Small Business,2025-10-26
CUST-1649,James Brown,james.brown58@example.com,south,,Small Business,2025-09-28
CUST-1650,Linda Johnson,linda.johnson42@example.com,West,Organic Search,Corporate,2024-09-19
CUST-1651,Sarah Martinez,,Midwest,Social Media,Small Business,2025-06-04
CUST-1652,Joseph Thomas,joseph.thomas84@example.com,south,Social Media,Small Business,2024-03-25
CUST-1653,Patricia Garcia,patricia.garcia99@example.com,Midwest,Referral,Consumer,2025-10-03
CUST-1654,John Miller,john.miller28@example.com,,Email Campaign,Consumer,2024-07-29
CUST-1655,Sarah Wilson,sarah.wilson10@example.com,,Paid Ads,Consumer,2025-04-15
CUST-1656,Daniel Hernandez,daniel.hernandez10@example.com,North,Paid Ads,Corporate,2025-07-25
CUST-1657,John Jackson,john.jackson34@example.com,West,Email Campaign,Corporate,2025-10-07
CUST-1658,Richard Wilson,richard.wilson50@example.com,,Organic Search,Small Business,2024-01-07
CUST-1659,Christopher Martin,christopher.martin96@example.com,MIDWEST,Organic Search,Small Business,2024-03-15
CUST-1660,Barbara Taylor,barbara.taylor88@example.com,East,Referral,Consumer,2024-10-15
CUST-1661,Matthew Anderson,matthew.anderson85@example.com,North,Email Campaign,Consumer,2025-06-30
CUST-1662,Linda Jones,linda.jones70@example.com,East,,Consumer,2024-11-01
CUST-1663,Nancy Lopez,nancy.lopez2@example.com,Midwest,Referral,Consumer,2024-05-06
CUST-1664,Mary Smith,mary.smith51@example.com,Midwest,Referral,Consumer,2024-11-08
CUST-1665,Michael Lopez,michael.lopez83@example.com,Midwest,Paid Ads,Consumer,2024-07-07
CUST-1666,Linda Martin,linda.martin25@example.com,  NORTH ,Paid Ads,Small Business,2025-08-03
CUST-1667,Margaret Johnson,margaret.johnson71@example.com,west,,Small Business,2024-03-15
CUST-1668,Elizabeth Williams,elizabeth.williams26@example.com,MIDWEST,Email Campaign,Corporate,2024-12-31
CUST-1669,Robert Davis,robert.davis80@example.com,  NORTH ,Paid Ads,Corporate,2025-05-12
CUST-1670,Joseph Hernandez,joseph.hernandez40@example.com,MIDWEST,Paid Ads,Small Business,2025-08-03
CUST-1671,Barbara Hernandez,barbara.hernandez22@example.com,North,Social Media,Consumer,2024-08-14
CUST-1672,Daniel Wilson,daniel.wilson47@example.com,South,,Small Business,2024-12-05
CUST-1673,Donald Thomas,donald.thomas46@example.com,East,Email Campaign,Small Business,2024-04-21
CUST-1674,Jennifer Martin,jennifer.martin36@example.com,South,Referral,Consumer,2024-09-26
CUST-1675,Lisa Williams,lisa.williams3@example.com,Midwest,,Consumer,2025-08-18
CUST-1676,Charles Gonzalez,charles.gonzalez28@example.com,North,Referral,Corporate,2025-07-10
CUST-1677,Donald Moore,donald.moore20@example.com, EAST,Email Campaign,Consumer,2025-08-26
CUST-1678,Lisa Martinez,lisa.martinez65@example.com,Midwest,Organic Search,Corporate,2025-01-07
CUST-1679,Thomas Smith,thomas.smith79@example.com,,Paid Ads,Small Business,2024-05-23
CUST-1680,Joseph Garcia,joseph.garcia73@example.com,,Paid Ads,Small Business,2025-05-10
CUST-1681,Barbara Johnson,barbara.johnson63@example.com,south,Organic Search,Corporate,2025-01-13
CUST-1682,Linda Johnson,linda.johnson67@example.com, EAST,Email Campaign,Corporate,2025-04-10
CUST-1683,Donald Johnson,donald.johnson84@example.com, EAST,Organic Search,Small Business,2025-06-17
CUST-1684,Christopher Rodriguez,christopher.rodriguez34@example.com,MIDWEST,Referral,Small Business,2024-06-27
CUST-1685,Richard Gonzalez,richard.gonzalez84@example.com,  NORTH ,Referral,Corporate,2025-01-20
CUST-1686,Sandra Davis,sandra.davis46@example.com, EAST,Email Campaign,Corporate,2025-09-10
CUST-1687,James Taylor,james.taylor57@example.com,South,Paid Ads,Consumer,2025-06-10
CUST-1688,Christopher Rodriguez,christopher.rodriguez24@example.com,South,Social Media,Small Business,2024-05-01
CUST-1689,Nancy Davis,nancy.davis43@example.com,  NORTH ,Email Campaign,Small Business,2025-05-05
CUST-1690,Jessica Miller,jessica.miller83@example.com,West,Organic Search,Consumer,2024-02-14
CUST-1691,Robert Jackson,robert.jackson18@example.com,,Referral,Consumer,2025-08-09
CUST-1692,Robert Johnson,robert.johnson24@example.com,Midwest,Email Campaign,Small Business,2025-07-31
CUST-1693,Christopher Smith,christopher.smith94@example.com,,Social Media,Consumer,2024-08-09
CUST-1694,Joseph Martin,joseph.martin62@example.com,South,Paid Ads,Corporate,2025-09-07
CUST-1695,Robert Jackson,robert.jackson24@example.com,MIDWEST,,Small Business,2024-09-27
CUST-1696,Jennifer Hernandez,jennifer.hernandez77@example.com,MIDWEST,Organic Search,Consumer,2025-01-22
CUST-1697,Richard Jones,richard.jones26@example.com,Midwest,Referral,Small Business,2025-03-05
CUST-1698,Anthony Jones,anthony.jones23@example.com,west,Referral,Small Business,2024-02-09
CUST-1699,Donald Moore,donald.moore16@example.com,  NORTH ,Email Campaign,Small Business,2024-05-13
CUST-1700,Donald Martin,donald.martin1@example.com,,,Corporate,2025-06-18
CUST-1701,Susan Lopez,susan.lopez90@example.com,Midwest,Email Campaign,Consumer,2025-05-08
CUST-1702,Betty Gonzalez,betty.gonzalez95@example.com,MIDWEST,Organic Search,Corporate,2024-05-17
CUST-1703,William Thomas,william.thomas11@example.com,East,Referral,Small Business,2025-02-22
CUST-1704,William Miller,,North,Referral,Small Business,2024-04-30
CUST-1705,Thomas Smith,thomas.smith27@example.com, EAST,Email Campaign,Corporate,2024-04-19
CUST-1706,Robert Wilson,robert.wilson33@example.com,East,Referral,Corporate,2025-08-01
CUST-1707,Barbara Martin,barbara.martin88@example.com,West,Paid Ads,Corporate,2025-07-19
CUST-1708,Betty Moore,betty.moore48@example.com,Midwest,Referral,Corporate,2024-09-16
CUST-1709,Elizabeth Jackson,elizabeth.jackson91@example.com,West,,Consumer,2025-11-06
CUST-1710,Patricia Davis,patricia.davis90@example.com,South,Organic Search,Consumer,2025-06-04
CUST-1711,Richard Hernandez,richard.hernandez79@example.com,,,Consumer,2024-06-13
CUST-1712,Richard Smith,richard.smith19@example.com,west,Referral,Corporate,2024-03-31
CUST-1713,John Rodriguez,john.rodriguez11@example.com,MIDWEST,Organic Search,Small Business,2025-01-28
CUST-1714,Sandra Gonzalez,sandra.gonzalez67@example.com,East,,Small Business,2024-02-28
CUST-1715,Matthew Garcia,matthew.garcia57@example.com,North,Paid Ads,Small Business,2025-06-14
CUST-1716,Elizabeth Miller,elizabeth.miller77@example.com,Midwest,Referral,Small Business,2024-08-25
CUST-1717,Karen Garcia,karen.garcia47@example.com,south,,Consumer,2024-06-10
CUST-1718,John Rodriguez,john.rodriguez46@example.com,,Email Campaign,Corporate,2025-08-23
CUST-1719,Michael Taylor,,  NORTH ,Organic Search,Small Business,2024-10-18
CUST-1720,Lisa Moore,lisa.moore45@example.com, EAST,Social Media,Consumer,2025-09-12
CUST-1721,Michael Anderson,michael.anderson74@example.com,North,Social Media,Consumer,2025-02-20
CUST-1722,Thomas Brown,thomas.brown65@example.com,East,Social Media,Consumer,2025-06-09
CUST-1723,William Moore,william.moore74@example.com,East,,Corporate,2025-01-21
CUST-1724,Charles Thomas,charles.thomas97@example.com, EAST,Email Campaign,Small Business,2025-04-16
CUST-1725,Donald Jackson,donald.jackson62@example.com,  NORTH ,Social Media,Consumer,2025-01-26
CUST-1726,Christopher Davis,christopher.davis30@example.com, EAST,Email Campaign,Corporate,2025-06-12
CUST-1727,Sarah Smith,sarah.smith34@example.com,south,Social Media,Consumer,2025-02-12
CUST-1728,Nancy Hernandez,nancy.hernandez23@example.com,west,Social Media,Corporate,2024-08-11
CUST-1729,Donald Jackson,donald.jackson96@example.com,,Paid Ads,Corporate,2024-07-23
CUST-1730,Linda Davis,linda.davis27@example.com,south,Paid Ads,Consumer,2025-09-25
CUST-1731,Barbara Jones,barbara.jones16@example.com,  NORTH ,,Small Business,2025-05-19
CUST-1732,Karen Smith,karen.smith70@example.com,North,Email Campaign,Corporate,2025-09-27
CUST-1733,David Thomas,david.thomas74@example.com,East,Email Campaign,Consumer,2025-06-07
CUST-1734,William Gonzalez,william.gonzalez74@example.com,South,Organic Search,Small Business,2025-03-09
CUST-1735,Jessica Moore,jessica.moore45@example.com,West,,Consumer,2025-04-13
CUST-1736,Patricia Taylor,patricia.taylor89@example.com,North,Organic Search,Small Business,2024-08-03
CUST-1737,Richard Jackson,richard.jackson47@example.com,MIDWEST,Social Media,Consumer,2025-07-15
CUST-1738,William Davis,william.davis79@example.com, EAST,Social Media,Consumer,2025-05-25
CUST-1739,Susan Miller,susan.miller97@example.com, EAST,Social Media,Corporate,2024-10-13
CUST-1740,Joseph Garcia,joseph.garcia74@example.com,,Paid Ads,Consumer,2024-10-03
CUST-1741,Betty Davis,betty.davis49@example.com,south,Paid Ads,Small Business,2024-06-02
CUST-1742,Jessica Smith,jessica.smith64@example.com,South,,Small Business,2025-06-30
CUST-1743,Lisa Hernandez,lisa.hernandez39@example.com,East,Referral,Small Business,2024-02-18
CUST-1744,Richard Brown,richard.brown8@example.com,south,Social Media,Corporate,2025-10-06
CUST-1745,Patricia Anderson,patricia.anderson34@example.com, EAST,Social Media,Small Business,2025-07-24
CUST-1746,Sandra Rodriguez,sandra.rodriguez53@example.com,  NORTH ,Social Media,Small Business,2025-09-12
CUST-1747,Michael Jackson,michael.jackson84@example.com,Midwest,Paid Ads,Corporate,2024-12-29
CUST-1748,David Taylor,david.taylor95@example.com,west,Organic Search,Corporate,2025-09-20
CUST-1749,Elizabeth Anderson,elizabeth.anderson19@example.com,South,,Corporate,2025-03-07
CUST-1750,Christopher Martin,christopher.martin10@example.com,  NORTH ,Paid Ads,Corporate,2024-08-21
CUST-1751,David Hernandez,david.hernandez91@example.com,East,Referral,Small Business,2025-02-08
CUST-1752,William Anderson,william.anderson47@example.com,MIDWEST,Referral,Corporate,2025-02-27
CUST-1753,Jennifer Garcia,jennifer.garcia17@example.com,south,,Corporate,2024-03-22
CUST-1754,Michael Garcia,michael.garcia13@example.com,  NORTH ,Email Campaign,Small Business,2024-02-25
CUST-1755,James Gonzalez,james.gonzalez11@example.com,  NORTH ,Social Media,Small Business,2024-06-08
CUST-1756,John Gonzalez,john.gonzalez32@example.com,East,Email Campaign,Small Business,2024-05-09
CUST-1757,Robert Taylor,robert.taylor4@example.com,North,,Corporate,2024-11-29
CUST-1758,Margaret Thomas,margaret.thomas70@example.com,East,Referral,Corporate,2024-05-18
CUST-1759,Daniel Moore,daniel.moore77@example.com,west,,Small Business,2025-10-13
CUST-1760,Donald Jackson,donald.jackson82@example.com,,Referral,Corporate,2024-12-21
CUST-1761,Jessica Moore,jessica.moore12@example.com,west,Social Media,Corporate,2025-02-26
CUST-1762,William Jones,william.jones1@example.com,Midwest,Paid Ads,Corporate,2024-10-20
CUST-1763,Jessica Moore,,west,Email Campaign,Corporate,2024-01-10
CUST-1764,Matthew Wilson,matthew.wilson77@example.com,south,Organic Search,Small Business,2025-01-17
CUST-1765,Michael Wilson,michael.wilson56@example.com,West,Paid Ads,Consumer,2025-10-23
CUST-1766,Richard Gonzalez,richard.gonzalez11@example.com,West,,Consumer,2025-06-13
CUST-1767,Matthew Martin,matthew.martin88@example.com,East,Social Media,Small Business,2025-06-28
CUST-1768,Betty Rodriguez,betty.rodriguez9@example.com,South,Paid Ads,Corporate,2024-04-23
CUST-1769,Christopher Anderson,christopher.anderson35@example.com,MIDWEST,Email Campaign,Consumer,2024-11-24
CUST-1770,James Jones,james.jones69@example.com,North,Paid Ads,Consumer,2024-10-15
CUST-1771,William Jones,william.jones94@example.com,North,Paid Ads,Consumer,2024-06-03
CUST-1772,James Thomas,james.thomas54@example.com,East,Email Campaign,Corporate,2025-04-19
CUST-1773,Daniel Johnson,daniel.johnson97@example.com,South,Organic Search,Corporate,2025-02-05
CUST-1774,John Moore,john.moore25@example.com,East,Email Campaign,Consumer,2024-05-04
CUST-1775,Matthew Davis,matthew.davis57@example.com,south,,Consumer,2024-07-22
CUST-1776,Joseph Brown,joseph.brown27@example.com,west,Email Campaign,Small Business,2024-11-15
CUST-1777,Sandra Hernandez,sandra.hernandez94@example.com,North,,Small Business,2025-06-17
CUST-1778,Patricia Rodriguez,patricia.rodriguez39@example.com,south,Social Media,Consumer,2025-11-13
CUST-1779,Michael Brown,michael.brown56@example.com, EAST,Organic Search,Consumer,2024-10-09
CUST-1780,Charles Brown,charles.brown32@example.com,North,Organic Search,Small Business,2025-05-01
CUST-1781,Daniel Martin,daniel.martin99@example.com,  NORTH ,Paid Ads,Consumer,2025-05-26
CUST-1782,John Martin,john.martin98@example.com,,Organic Search,Consumer,2024-12-30
CUST-1783,Christopher Jones,christopher.jones14@example.com,South,Email Campaign,Consumer,2024-11-20
CUST-1784,Sarah Lopez,sarah.lopez57@example.com,south,Organic Search,Small Business,2025-01-21
CUST-1785,Barbara Jones,barbara.jones6@example.com,west,,Corporate,2025-07-26
CUST-1786,Elizabeth Moore,elizabeth.moore25@example.com,MIDWEST,Paid Ads,Small Business,2024-12-22
CUST-1787,David Anderson,david.anderson77@example.com,Midwest,Paid Ads,Consumer,2025-06-27
CUST-1788,Robert Anderson,robert.anderson34@example.com,Midwest,Social Media,Corporate,2024-01-01
CUST-1789,Matthew Taylor,matthew.taylor24@example.com,North,Referral,Corporate,2025-09-27
CUST-1790,Linda Hernandez,linda.hernandez85@example.com,Midwest,Email Campaign,Consumer,2025-06-20
CUST-1791,Nancy Thomas,nancy.thomas20@example.com,MIDWEST,Social Media,Corporate,2025-02-23
CUST-1792,Christopher Hernandez,christopher.hernandez67@example.com,,Organic Search,Consumer,2024-05-12
CUST-1793,Jennifer Johnson,jennifer.johnson63@example.com,south,Organic Search,Consumer,2025-08-07
CUST-1794,Christopher Gonzalez,christopher.gonzalez68@example.com,MIDWEST,,Small Business,2024-09-19
CUST-1795,Mary Lopez,mary.lopez92@example.com,  NORTH ,Organic Search,Consumer,2025-11-02
CUST-1796,Jessica Williams,jessica.williams82@example.com,North,Social Media,Small Business,2025-03-01
CUST-1797,Anthony Lopez,anthony.lopez8@example.com,MIDWEST,Social Media,Small Business,2024-02-11
CUST-1798,Lisa Williams,lisa.williams10@example.com,south,Referral,Consumer,2024-04-13
CUST-1799,Lisa Davis,lisa.davis25@example.com,south,Referral,Small Business,2024-09-11
CUST-1800,Charles Garcia,charles.garcia72@example.com,West,,Consumer,2025-10-15
CUST-1801,Charles Lopez,charles.lopez90@example.com,,Email Campaign,Consumer,2024-06-19
CUST-1802,Betty Garcia,betty.garcia65@example.com, EAST,,Consumer,2025-06-30
CUST-1803,Karen Anderson,karen.anderson41@example.com,Midwest,Social Media,Corporate,2025-02-26
CUST-1804,Matthew Wilson,matthew.wilson42@example.com,MIDWEST,Paid Ads,Small Business,2025-07-12
CUST-1805,Michael Gonzalez,michael.gonzalez96@example.com,East,Social Media,Corporate,2025-04-03
CUST-1806,Richard Smith,richard.smith37@example.com,MIDWEST,Organic Search,Small Business,2024-05-18
CUST-1807,Donald Martinez,,south,Paid Ads,Corporate,2024-01-23
CUST-1808,Matthew Rodriguez,matthew.rodriguez66@example.com,Midwest,Referral,Small Business,2024-06-07
CUST-1809,Patricia Johnson,patricia.johnson20@example.com,South,Social Media,Corporate,2025-08-19
CUST-1810,Linda Davis,linda.davis39@example.com,  NORTH ,Referral,Corporate,2025-08-05
CUST-1811,Sandra Miller,sandra.miller93@example.com, EAST,Email Campaign,Consumer,2025-05-14
CUST-1812,Anthony Jackson,anthony.jackson13@example.com,MIDWEST,,Corporate,2024-02-08
CUST-1813,Lisa Jackson,lisa.jackson8@example.com, EAST,Social Media,Corporate,2025-03-02
CUST-1814,Sandra Brown,sandra.brown30@example.com,,Referral,Consumer,2025-10-11
CUST-1815,Matthew Gonzalez,matthew.gonzalez68@example.com,North,Social Media,Small Business,2025-08-01
CUST-1816,Robert Hernandez,robert.hernandez29@example.com,South,Organic Search,Small Business,2025-02-06
CUST-1817,Joseph Martin,joseph.martin12@example.com,south,Email Campaign,Corporate,2025-02-07
CUST-1818,Robert Jones,robert.jones61@example.com,MIDWEST,,Consumer,2025-07-15
CUST-1819,Richard Rodriguez,richard.rodriguez65@example.com,West,,Consumer,2024-05-18
CUST-1820,Jessica Moore,jessica.moore51@example.com,,Referral,Consumer,2025-07-28
CUST-1821,Karen Taylor,karen.taylor10@example.com,East,Email Campaign,Corporate,2025-08-12
CUST-1822,John Brown,john.brown55@example.com, EAST,Social Media,Consumer,2024-11-24
CUST-1823,Barbara Martin,barbara.martin99@example.com,East,Paid Ads,Corporate,2025-09-23
CUST-1824,Anthony Anderson,anthony.anderson57@example.com,North,Paid Ads,Consumer,2025-01-17
CUST-1825,Robert Williams,robert.williams7@example.com,south,Referral,Consumer,2024-10-21
CUST-1826,James Hernandez,james.hernandez15@example.com,East,Email Campaign,Corporate,2024-01-24
CUST-1827,David Miller,david.miller28@example.com,south,Referral,Small Business,2024-09-21
CUST-1828,Sarah Thomas,sarah.thomas19@example.com,,Organic Search,Corporate,2025-08-19
CUST-1829,Donald Taylor,donald.taylor22@example.com,North,Social Media,Consumer,2025-09-24
CUST-1830,William Johnson,william.johnson2@example.com,  NORTH ,Email Campaign,Small Business,2024-10-04
CUST-1831,Nancy Lopez,nancy.lopez3@example.com,East,,Corporate,2024-08-24
CUST-1832,Richard Taylor,richard.taylor13@example.com, EAST,Email Campaign,Small Business,2025-06-28
CUST-1833,John Garcia,john.garcia59@example.com,Midwest,,Consumer,2024-02-10
CUST-1834,Linda Taylor,linda.taylor63@example.com,West,,Consumer,2024-01-19
CUST-1835,Barbara Lopez,barbara.lopez39@example.com,south,Referral,Corporate,2024-03-04
CUST-1836,Christopher Rodriguez,christopher.rodriguez4@example.com,Midwest,Social Media,Consumer,2024-06-04
CUST-1837,David Gonzalez,david.gonzalez12@example.com,West,Referral,Small Business,2025-09-19
CUST-1838,Margaret Davis,margaret.davis74@example.com,South,Email Campaign,Corporate,2025-09-11
CUST-1839,David Anderson,david.anderson27@example.com,,Paid Ads,Small Business,2025-07-08
CUST-1840,Nancy Miller,nancy.miller40@example.com,Midwest,Paid Ads,Corporate,2024-05-28
CUST-1841,Christopher Jackson,christopher.jackson41@example.com,  NORTH ,Referral,Small Business,2024-05-01
CUST-1842,Jennifer Hernandez,jennifer.hernandez19@example.com,North,Social Media,Corporate,2025-02-25
CUST-1843,Elizabeth Anderson,elizabeth.anderson82@example.com,East,Paid Ads,Consumer,2024-04-19
CUST-1844,Robert Garcia,,MIDWEST,Referral,Corporate,2025-09-12
CUST-1845,Charles Martin,charles.martin30@example.com,south,,Consumer,2025-01-02
CUST-1846,John Thomas,john.thomas78@example.com,west,,Small Business,2025-01-17
CUST-1847,Jennifer Gonzalez,jennifer.gonzalez18@example.com,South,Paid Ads,Consumer,2024-02-03
CUST-1848,Susan Smith,susan.smith53@example.com,south,,Small Business,2024-07-26
CUST-1849,Matthew Miller,matthew.miller57@example.com,MIDWEST,Email Campaign,Small Business,2024-11-28
CUST-1850,Margaret Anderson,margaret.anderson55@example.com,West,Organic Search,Small Business,2025-01-24
CUST-1851,Lisa Hernandez,lisa.hernandez96@example.com,MIDWEST,Referral,Small Business,2025-06-21
CUST-1852,Christopher Johnson,christopher.johnson58@example.com,west,Organic Search,Consumer,2025-06-15
CUST-1853,Sarah Gonzalez,sarah.gonzalez6@example.com,Midwest,Email Campaign,Small Business,2025-10-07
CUST-1854,Mary Miller,mary.miller51@example.com,East,Social Media,Corporate,2024-06-19
CUST-1855,Susan Martinez,susan.martinez7@example.com,Midwest,Paid Ads,Corporate,2025-10-23
CUST-1856,Joseph Williams,joseph.williams15@example.com,South,Referral,Small Business,2025-07-13
CUST-1857,Robert Gonzalez,robert.gonzalez58@example.com,North,Paid Ads,Corporate,2025-08-27
CUST-1858,Donald Miller,donald.miller12@example.com,East,Social Media,Small Business,2025-10-26
CUST-1859,Sandra Garcia,sandra.garcia16@example.com,  NORTH ,Organic Search,Small Business,2025-04-05
CUST-1860,Christopher Lopez,christopher.lopez91@example.com,West,,Small Business,2025-09-18
CUST-1861,Jennifer Gonzalez,jennifer.gonzalez6@example.com,South,Social Media,Small Business,2025-11-06
CUST-1862,Margaret Jones,margaret.jones19@example.com,South,,Consumer,2025-03-05
CUST-1863,Elizabeth Martinez,elizabeth.martinez58@example.com,East,,Consumer,2024-04-30
CUST-1864,Donald Jones,donald.jones1@example.com,MIDWEST,Social Media,Consumer,2025-04-14
CUST-1865,Jessica Thomas,jessica.thomas1@example.com,MIDWEST,Email Campaign,Consumer,2024-08-10
CUST-1866,Charles Thomas,charles.thomas57@example.com,  NORTH ,Referral,Small Business,2024-01-07
CUST-1867,Linda Moore,linda.moore81@example.com,Midwest,Paid Ads,Consumer,2024-07-08
CUST-1868,Robert Johnson,robert.johnson5@example.com,South,Organic Search,Small Business,2025-08-14
CUST-1869,Anthony Martin,anthony.martin12@example.com,North,Organic Search,Corporate,2024-07-01
CUST-1870,Jennifer Martinez,jennifer.martinez89@example.com,MIDWEST,Referral,Small Business,2024-06-30
CUST-1871,Joseph Jackson,joseph.jackson5@example.com,  NORTH ,Social Media,Corporate,2025-01-12
CUST-1872,Donald Gonzalez,donald.gonzalez98@example.com,West,Referral,Consumer,2024-10-26
CUST-1873,Jessica Jones,jessica.jones36@example.com, EAST,Referral,Corporate,2025-06-21
CUST-1874,Michael Miller,michael.miller14@example.com,MIDWEST,,Small Business,2025-06-25
CUST-1875,John Thomas,john.thomas78@example.com,East,Email Campaign,Small Business,2024-11-20
CUST-1876,William Taylor,william.taylor80@example.com, EAST,Paid Ads,Small Business,2025-07-30
CUST-1877,Jessica Taylor,jessica.taylor64@example.com,west,Paid Ads,Small Business,2024-08-26
CUST-1878,Daniel Martinez,daniel.martinez1@example.com,  NORTH ,Organic Search,Corporate,2025-10-02
CUST-1879,Betty Brown,betty.brown27@example.com,MIDWEST,Email Campaign,Corporate,2024-02-16
CUST-1880,David Lopez,david.lopez82@example.com,south,Organic Search,Small Business,2024-07-25
CUST-1881,Daniel Martinez,daniel.martinez9@example.com,East,Social Media,Small Business,2025-07-17
CUST-1882,David Smith,david.smith43@example.com, EAST,Email Campaign,Small Business,2025-08-05
CUST-1883,Karen Smith,karen.smith25@example.com, EAST,Social Media,Small Business,2025-05-05
CUST-1884,Sandra Thomas,sandra.thomas83@example.com,South,Email Campaign,Consumer,2025-10-04
CUST-1885,Joseph Moore,joseph.moore60@example.com,West,,Consumer,2025-06-17
CUST-1886,Elizabeth Jackson,elizabeth.jackson41@example.com,Midwest,Referral,Consumer,2024-08-01
CUST-1887,Charles Hernandez,charles.hernandez46@example.com,  NORTH ,Paid Ads,Corporate,2024-02-01
CUST-1888,David Gonzalez,david.gonzalez22@example.com,MIDWEST,Referral,Corporate,2024-07-10
CUST-1889,Karen Brown,karen.brown97@example.com,East,,Corporate,2024-02-02
CUST-1890,William Wilson,william.wilson31@example.com, EAST,Email Campaign,Corporate,2024-08-09
CUST-1891,Thomas Martinez,thomas.martinez48@example.com,North,Paid Ads,Consumer,2025-03-30
CUST-1892,Thomas Smith,thomas.smith65@example.com,South,Paid Ads,Corporate,2025-05-10
CUST-1893,Lisa Taylor,lisa.taylor42@example.com,South,Organic Search,Small Business,2025-11-23
CUST-1894,Robert Miller,robert.miller59@example.com,West,,Small Business,2024-04-28
CUST-1895,James Martinez,james.martinez88@example.com,MIDWEST,Organic Search,Corporate,2025-04-23
CUST-1896,Donald Johnson,donald.johnson99@example.com,,,Corporate,2024-01-24
CUST-1897,Charles Martinez,charles.martinez27@example.com, EAST,Paid Ads,Consumer,2024-10-20
CUST-1898,William Moore,william.moore57@example.com,,Organic Search,Corporate,2024-06-01
CUST-1899,Jennifer Rodriguez,jennifer.rodriguez80@example.com,Midwest,Referral,Consumer,2024-07-30
CUST-1900,Sarah Lopez,sarah.lopez35@example.com,South,,Corporate,2025-08-10
CUST-1901,Linda Garcia,linda.garcia79@example.com, EAST,Referral,Corporate,2024-02-21
CUST-1902,Robert Smith,robert.smith87@example.com,North,Organic Search,Corporate,2024-02-25
CUST-1903,John Wilson,john.wilson91@example.com,MIDWEST,Referral,Small Business,2025-04-01
CUST-1904,Karen Lopez,karen.lopez26@example.com,,Referral,Consumer,2025-04-21
CUST-1905,Charles Jones,charles.jones90@example.com,west,Organic Search,Corporate,2024-11-13
CUST-1906,Nancy Anderson,nancy.anderson29@example.com,South,Referral,Corporate,2025-01-07
CUST-1907,Richard Garcia,richard.garcia86@example.com, EAST,Social Media,Corporate,2025-05-14
CUST-1908,James Williams,james.williams45@example.com,west,Email Campaign,Consumer,2024-10-16
CUST-1909,Matthew Lopez,matthew.lopez17@example.com,Midwest,Organic Search,Corporate,2024-04-19
CUST-1910,David Moore,david.moore39@example.com,Midwest,Email Campaign,Corporate,2025-08-27
CUST-1911,Susan Davis,susan.davis71@example.com,South,Email Campaign,Corporate,2024-03-08
CUST-1912,David Miller,david.miller76@example.com,West,Email Campaign,Small Business,2024-12-16
CUST-1913,Sarah Davis,sarah.davis86@example.com,  NORTH ,,Small Business,2025-08-10
CUST-1914,Anthony Thomas,anthony.thomas77@example.com,west,Social Media,Small Business,2024-04-09
CUST-1915,Anthony Anderson,anthony.anderson52@example.com,  NORTH ,Referral,Consumer,2025-09-02
CUST-1916,Matthew Gonzalez,matthew.gonzalez83@example.com,,Organic Search,Consumer,2024-08-10
CUST-1917,Anthony Jones,anthony.jones97@example.com,,Organic Search,Consumer,2025-11-07
CUST-1918,Robert Anderson,robert.anderson50@example.com,MIDWEST,Referral,Corporate,2024-07-19
CUST-1919,Michael Hernandez,michael.hernandez87@example.com,East,Email Campaign,Small Business,2024-12-18
CUST-1920,John Jackson,,Midwest,Email Campaign,Consumer,2024-10-28
CUST-1921,Mary Lopez,mary.lopez7@example.com,North,,Small Business,2025-01-02
CUST-1922,Patricia Martinez,patricia.martinez31@example.com,West,,Small Business,2025-02-07
CUST-1923,Christopher Hernandez,christopher.hernandez52@example.com,West,Email Campaign,Small Business,2024-08-04
CUST-1924,Nancy Garcia,nancy.garcia25@example.com,Midwest,Email Campaign,Corporate,2025-03-03
CUST-1925,Robert Martinez,robert.martinez86@example.com,South,Paid Ads,Consumer,2024-03-14
CUST-1926,Christopher Smith,christopher.smith63@example.com,,Email Campaign,Consumer,2024-03-27
CUST-1927,Robert Wilson,robert.wilson90@example.com,MIDWEST,Email Campaign,Small Business,2024-07-03
CUST-1928,Joseph Taylor,joseph.taylor58@example.com,West,Social Media,Consumer,2024-07-09
CUST-1929,Susan Martin,,west,,Consumer,2025-05-28
CUST-1930,William Wilson,william.wilson74@example.com, EAST,Organic Search,Consumer,2025-08-04
CUST-1931,Jessica Lopez,jessica.lopez62@example.com,  NORTH ,Paid Ads,Small Business,2025-06-23
CUST-1932,Margaret Rodriguez,margaret.rodriguez11@example.com,Midwest,Referral,Consumer,2024-09-08
CUST-1933,Jessica Williams,jessica.williams70@example.com,MIDWEST,Social Media,Small Business,2024-02-24
CUST-1934,Donald Hernandez,donald.hernandez2@example.com,west,Email Campaign,Small Business,2025-04-25
CUST-1935,Charles Hernandez,charles.hernandez38@example.com,East,Paid Ads,Consumer,2025-09-03
CUST-1936,Lisa Martinez,lisa.martinez73@example.com,East,Organic Search,Small Business,2025-04-29
CUST-1937,Charles Garcia,charles.garcia85@example.com,East,,Small Business,2024-01-28
CUST-1938,Elizabeth Thomas,elizabeth.thomas65@example.com,  NORTH ,Social Media,Corporate,2024-05-15
CUST-1939,Karen Rodriguez,karen.rodriguez33@example.com,North,,Consumer,2025-09-10
CUST-1940,Jennifer Jackson,jennifer.jackson85@example.com,west,Social Media,Consumer,2024-09-24
CUST-1941,Betty Davis,betty.davis68@example.com,North,Social Media,Consumer,2024-05-28
CUST-1942,Karen Jones,karen.jones97@example.com,West,Email Campaign,Consumer,2025-11-07
CUST-1943,Joseph Garcia,joseph.garcia94@example.com, EAST,Organic Search,Small Business,2024-09-27
CUST-1944,Matthew Brown,matthew.brown60@example.com,West,Email Campaign,Corporate,2025-05-02
CUST-1945,Lisa Moore,lisa.moore88@example.com,West,Email Campaign,Corporate,2024-05-28
CUST-1946,Thomas Wilson,,west,Email Campaign,Small Business,2024-11-19
CUST-1947,Thomas Johnson,thomas.johnson69@example.com,,Social Media,Corporate,2025-09-17
CUST-1948,Sandra Rodriguez,sandra.rodriguez35@example.com,  NORTH ,Social Media,Small Business,2025-08-21
CUST-1949,Richard Anderson,richard.anderson96@example.com,south,,Small Business,2025-08-25
CUST-1950,Matthew Miller,matthew.miller87@example.com,South,Social Media,Small Business,2024-01-11
CUST-1951,Nancy Smith,nancy.smith2@example.com,West,Organic Search,Small Business,2024-04-16
CUST-1952,Nancy Anderson,nancy.anderson93@example.com,East,Social Media,Consumer,2024-02-04
CUST-1953,James Martin,james.martin77@example.com,,Paid Ads,Small Business,2025-10-15
CUST-1954,Patricia Brown,patricia.brown78@example.com,South,Email Campaign,Small Business,2025-10-25
CUST-1955,Charles Garcia,charles.garcia90@example.com,South,Social Media,Corporate,2025-04-23
CUST-1956,Nancy Williams,nancy.williams36@example.com,West,,Small Business,2024-11-27
CUST-1957,William Garcia,william.garcia36@example.com,North,Email Campaign,Corporate,2024-12-06
CUST-1958,Mary Rodriguez,mary.rodriguez34@example.com,South,Email Campaign,Consumer,2025-05-18
CUST-1959,Sandra Miller,sandra.miller23@example.com,,Email Campaign,Consumer,2024-05-27
CUST-1960,Sarah Wilson,sarah.wilson83@example.com,  NORTH ,Email Campaign,Small Business,2024-09-22
CUST-1961,Patricia Johnson,patricia.johnson74@example.com,East,Email Campaign,Consumer,2025-05-24
CUST-1962,Robert Smith,robert.smith86@example.com,West,Social Media,Consumer,2024-12-03
CUST-1963,Donald Gonzalez,donald.gonzalez66@example.com,west,Email Campaign,Corporate,2025-02-17
CUST-1964,Margaret Williams,margaret.williams1@example.com,West,,Corporate,2024-05-04
CUST-1965,Charles Moore,charles.moore46@example.com, EAST,,Corporate,2025-02-14
CUST-1966,Mary Williams,mary.williams44@example.com,  NORTH ,Email Campaign,Corporate,2025-10-25
CUST-1967,Michael Garcia,michael.garcia50@example.com,,Paid Ads,Corporate,2025-02-03
CUST-1968,Donald Brown,donald.brown46@example.com,west,Organic Search,Small Business,2025-03-24
CUST-1969,Lisa Miller,lisa.miller25@example.com,North,,Small Business,2024-09-01
CUST-1970,Jessica Gonzalez,jessica.gonzalez70@example.com,,Social Media,Corporate,2025-06-30
CUST-1971,Anthony Anderson,anthony.anderson3@example.com,North,Social Media,Consumer,2024-12-11
CUST-1972,Betty Johnson,betty.johnson28@example.com,,,Small Business,2025-04-14
CUST-1973,Nancy Moore,nancy.moore75@example.com,south,Organic Search,Consumer,2024-05-24
CUST-1974,Jessica Smith,jessica.smith80@example.com,North,Paid Ads,Small Business,2025-10-26
CUST-1975,Robert Smith,robert.smith7@example.com,East,Organic Search,Corporate,2025-09-17
CUST-1976,Jennifer Jackson,jennifer.jackson14@example.com,  NORTH ,Email Campaign,Small Business,2025-09-22
CUST-1977,Linda Williams,linda.williams55@example.com, EAST,,Small Business,2025-02-15
CUST-1978,David Brown,david.brown74@example.com,Midwest,Paid Ads,Corporate,2024-08-06
CUST-1979,Matthew Johnson,matthew.johnson43@example.com,  NORTH ,Organic Search,Corporate,2024-05-24
CUST-1980,Matthew Wilson,matthew.wilson48@example.com,Midwest,Paid Ads,Corporate,2024-09-06
CUST-1981,Sandra Jackson,sandra.jackson13@example.com,,Referral,Corporate,2024-06-10
CUST-1982,James Thomas,james.thomas1@example.com,South,Organic Search,Small Business,2025-10-29
CUST-1983,Charles Martinez,charles.martinez99@example.com,west,,Consumer,2024-07-30
CUST-1984,Robert Rodriguez,robert.rodriguez53@example.com,south,Paid Ads,Small Business,2024-02-08
CUST-1985,Karen Garcia,karen.garcia79@example.com,  NORTH ,,Corporate,2024-12-22
CUST-1986,Susan Smith,susan.smith25@example.com,  NORTH ,Referral,Consumer,2025-09-25
CUST-1987,Barbara Moore,barbara.moore60@example.com,,,Consumer,2024-10-10
CUST-1988,Mary Miller,mary.miller20@example.com,,Email Campaign,Corporate,2024-06-29
CUST-1989,Jennifer Johnson,jennifer.johnson47@example.com,East,Paid Ads,Corporate,2024-09-14
CUST-1990,David Martin,david.martin98@example.com,west,Organic Search,Consumer,2024-02-23
CUST-1991,Sandra Moore,sandra.moore4@example.com,west,Referral,Consumer,2024-03-13
CUST-1992,Donald Davis,donald.davis76@example.com,MIDWEST,Social Media,Corporate,2024-07-22
CUST-1993,Lisa Hernandez,lisa.hernandez15@example.com, EAST,Paid Ads,Consumer,2024-08-30
CUST-1994,Lisa Wilson,lisa.wilson49@example.com,south,Organic Search,Corporate,2025-08-22
CUST-1995,Jessica Johnson,jessica.johnson19@example.com,south,Referral,Corporate,2024-07-01
CUST-1996,Richard Lopez,richard.lopez93@example.com,south,,Corporate,2024-10-03
CUST-1997,Michael Hernandez,michael.hernandez89@example.com,MIDWEST,Organic Search,Corporate,2024-05-19
CUST-1998,Patricia Anderson,patricia.anderson22@example.com, EAST,Paid Ads,Corporate,2025-09-10
CUST-1999,Jennifer Martin,jennifer.martin74@example.com,Midwest,Paid Ads,Consumer,2025-02-25
CUST-2000,Margaret Taylor,margaret.taylor28@example.com,MIDWEST,Email Campaign,Corporate,2024-10-12
CUST-1015,Donald Anderson,donald.anderson18@example.com,south,,Small Business,2025-07-05
CUST-1748,David Taylor,david.taylor95@example.com,west,Organic Search,Corporate,2025-09-20
CUST-1439,Margaret Taylor,margaret.taylor87@example.com,  NORTH ,Paid Ads,Corporate,2024-03-01
CUST-1754,Michael Garcia,michael.garcia13@example.com,  NORTH ,Email Campaign,Small Business,2024-02-25
CUST-1894,Robert Miller,robert.miller59@example.com,West,,Small Business,2024-04-28
CUST-1253,Christopher Brown,christopher.brown95@example.com, EAST,Paid Ads,Consumer,2024-12-26
CUST-1254,Sarah Hernandez,sarah.hernandez23@example.com,,Email Campaign,Small Business,2025-05-05
CUST-1336,Margaret Williams,margaret.williams68@example.com, EAST,Organic Search,Small Business,2024-04-24
CUST-1445,Nancy Lopez,nancy.lopez69@example.com,West,Paid Ads,Corporate,2024-08-04
CUST-1594,Patricia Martinez,patricia.martinez14@example.com,west,Paid Ads,Small Business,2024-07-23
CUST-1228,Sandra Lopez,sandra.lopez84@example.com,,Email Campaign,Consumer,2025-09-01
CUST-1914,Anthony Thomas,anthony.thomas77@example.com,west,Social Media,Small Business,2024-04-09
CUST-1950,Matthew Miller,matthew.miller87@example.com,South,Social Media,Small Business,2024-01-11
CUST-1606,Jessica Thomas,jessica.thomas53@example.com,west,Organic Search,Consumer,2024-09-24
CUST-1969,Lisa Miller,lisa.miller25@example.com,North,,Small Business,2024-09-01
